{
  "structure": {
    "dbVersion": 201808011000,
    "tableName": "structure",
    "serverUrl": null,
    "is_example": false,
    "created_at": "2018-11-21T11:17:37.957Z",
    "id": 5,
    "objectStore": {},
    "name": "Exemple : PIAF Objets connectés",
    "sector_name": "IoT",
    "data": {
      "sections": [
        {
          "id": 1,
          "title": "sections.1.title",
          "short_help": "sections.1.short_help",
          "items": [
            {
              "id": 1,
              "title": "sections.1.items.1.title",
              "evaluation_mode": "item",
              "short_help": "sections.1.items.1.short_help",
              "questions": [
                {
                  "id": 111,
                  "title": "sections.1.items.1.questions.1.title",
                  "link_knowledge_base": ["PIA_LGL_DESC", "PIA_DEF_FIN"],
                  "placeholder": "sections.1.items.1.questions.1.placeholder",
                  "answer_type": "text",
                  "answer": "<strong>Décrivez de mani&egrave;re synthétique :<br /></strong>\n<ol>\n<li><strong>l'objet et son fonctionnement (notamment sa connectivité),</strong></li>\n<li><strong>les finalités du produit,</strong></li>\n<li><strong>les enjeux/apports du produit.</strong></li>\n</ol>\nPar exemple :<br />\n<ol>\n<li>L&rsquo;appareil est un jouet disposant d&rsquo;un micro, d&rsquo;une caméra et de boutons pour des fonctions basiques (power, action, reset). Il se connecte en Wifi et communique avec une application mobile dédiée, hébergée sur un smartphone ou une tablette, et avec un service en ligne.</li>\n<li>Ses finalités sont :\n<ul>\n<li>de fournir une interactivité &agrave; l&rsquo;enfant, &agrave; travers la possibilité de dialogue avec le jouet (questions/réponses en langage naturel par reconnaissance vocale) ;</li>\n<li>de permettre &agrave; l&rsquo;enfant de communiquer en ligne (envoi de messages vocaux, de textes et de photos) avec ses amis et/ou ses parents ;</li>\n<li>de remonter des informations aux parents (dispositif de surveillance).</li>\n</ul>\n</li>\n<li>Les enjeux sont de créer une nouvelle classe de jouets destinés aux enfants et &agrave; leurs parents, en tirant partie de la connectivité, tout en respectant le cadre légal et la sécurité des données personnelles.</li>\n</ol>",
                  "active": true
                },
                {
                  "id": 112,
                  "title": "sections.1.items.1.questions.2.title",
                  "link_knowledge_base": [
                    "PIA_LGL_DESC",
                    "PIA_DEF_RT",
                    "PIA_DEF_ST"
                  ],
                  "placeholder": "sections.1.items.1.questions.2.placeholder",
                  "answer_type": "text",
                  "answer": "<strong>Détaillez les responsabilité du fabricant et des sous-traitants/partenaires.</strong><br /><br />Notamment :<br />\n<ul>\n<li>Qui réalise l'hébergement des données et des services ?</li>\n<li>Qui op&egrave;re les algorithmes et l'interactivité ?</li>\n<li>Qui op&egrave;re l'analyse des usages et la publicité ?</li>\n</ul>",
                  "active": true
                },
                {
                  "id": 113,
                  "title": "sections.1.items.1.questions.3.title",
                  "link_knowledge_base": ["PIA_LGL_DESC"],
                  "placeholder": "sections.1.items.1.questions.3.placeholder",
                  "answer_type": "text",
                  "answer": "<strong>Détaillez les référentiels sectoriels applicables &agrave; votre traitement</strong> (par exemple, un code de conduite, une certification, une politique générale de sécurité, un PIA Framework, etc.) ainsi que les <strong>modalités de leur prise en compte</strong>.",
                  "active": true
                }
              ]
            },
            {
              "id": 2,
              "title": "sections.1.items.2.title",
              "evaluation_mode": "item",
              "short_help": "sections.1.items.2.short_help",
              "questions": [
                {
                  "id": 121,
                  "title": "sections.1.items.2.questions.1.title",
                  "link_knowledge_base": [
                    "PIA_LGL_DATA",
                    "PIA_LGL_DEST",
                    "PIA_DEF_DCP",
                    "PIA_DEF_DEST"
                  ],
                  "placeholder": "sections.1.items.2.questions.1.placeholder",
                  "answer_type": "text",
                  "answer": "<strong>Détaillez les données traitées, par catégories, et les personnes qui y acc&egrave;dent.</strong><br /><br />Par exemple :<br /><br /><span style=\"text-decoration: underline;\"><strong>Information utilisateur</strong></span><br />\n<ul>\n<li>prénom</li>\n<li>date de naissance</li>\n<li>genre</li>\n<li>adresse électronique</li>\n<li>numéro de téléphone</li>\n</ul>\n<em><span style=\"text-decoration: underline;\">Données courantes</span></em> : données d'identification<br /><em><span style=\"text-decoration: underline;\">Destinataires</span></em> : hébergeur<br /><em><span style=\"text-decoration: underline;\">Personnes pouvant y acc&egrave;der</span></em> : personnels habilités de l'hébergeur et du fabricant<br /><br /><strong><span style=\"text-decoration: underline;\">Données renseignées dans une application tierce</span></strong><br />Obtenues par lien avec le compte utilisateur<br /><br /><em><span style=\"text-decoration: underline;\">Données courantes</span></em> : données d'identification<br /><em><span style=\"text-decoration: underline;\">Destinataires</span></em> : hébergeur<br /><em><span style=\"text-decoration: underline;\">Personnes pouvant y acc&egrave;der</span></em> : personnels habilités de l'hébergeur et du fabricant<br /><br /><strong><span style=\"text-decoration: underline;\">Données relevées</span></strong><br />\n<ul>\n<li>textes/messages</li>\n<li>sons/images/mouvements</li>\n<li>température/humidité</li>\n<li>journaux d&rsquo;usage de l&rsquo;appareil, de l&rsquo;application mobile et du service en ligne</li>\n</ul>\n<em><span style=\"text-decoration: underline;\">Données courantes</span></em> : habitudes de vie<br /><em><span style=\"text-decoration: underline;\">Données per&ccedil;ues comme sensibles</span></em> : image et voix (permettant des traitements biométriques)<br /><em><span style=\"text-decoration: underline;\">Données sensibles (au sens du RGPD)</span></em> : données liées &agrave; des mineurs<br /><em><span style=\"text-decoration: underline;\">Destinataires</span></em> : hébergeur, prestataires d'interactivité et de publicités<br /><em><span style=\"text-decoration: underline;\">Personnes pouvant y acc&egrave;der</span></em> : personnels habilités des différentes sociétés<br /><br /><strong><span style=\"text-decoration: underline;\">Données calculées</span></strong><br />\n<ul>\n<li>réponses aux questions des enfants</li>\n<li>identification des centres d&rsquo;intér&ecirc;ts pour aider &agrave; la pertinence des réponses</li>\n<li>analyse des usages</li>\n<li>publicités ciblées</li>\n</ul>\n<em><span style=\"text-decoration: underline;\">Données courantes</span></em> : habitudes de vie<br /><em><span style=\"text-decoration: underline;\">Données sensibles (au sens du RGPD)</span></em> : données liées &agrave; des mineurs<br /><em><span style=\"text-decoration: underline;\">Destinataires</span></em> : hébergeur, prestataires d'interactivité et de publicités<br /><em><span style=\"text-decoration: underline;\">Personnes pouvant y acc&egrave;der</span></em> : personnels habilités des différentes sociétés",
                  "active": true
                },
                {
                  "id": 122,
                  "title": "sections.1.items.2.questions.2.title",
                  "link_knowledge_base": ["PIA_LGL_LCYC"],
                  "placeholder": "sections.1.items.2.questions.2.placeholder",
                  "answer_type": "text",
                  "answer": "<strong>Détaillez ici les différents processus de traitement mis en oeuvre.</strong><br /><br />Par exemple :<br />\n<ol>\n<li><strong>Enregistrer un compte</strong> : l&rsquo;utilisateur fournit des données d&rsquo;identification &agrave; l&rsquo;ouverture de son compte</li>\n<li><strong>Capter les données</strong> : des données sont relevées via des capteurs</li>\n<li><strong>Transférer vers le mobile</strong> : les données sont transférées vers l&rsquo;application mobile, directement par l&rsquo;appareil ou &agrave; travers les serveurs cloud</li>\n<li><strong>Saisir des données</strong> : des données sont saisies dans l&rsquo;application mobile</li>\n<li><strong>Stocker dans le mobile</strong> : les données sont stockées dans l&rsquo;application mobile</li>\n<li><strong>Envoyer les données aux serveurs</strong> : les données sont envoyées aux serveurs cloud, par l&rsquo;appareil directement ou par l&rsquo;application mobile</li>\n<li><strong>Générer l&rsquo;interactivité</strong> : le moteur d&rsquo;interactivité dans le cloud gén&egrave;re les données de réponse, en se basant sur les dialogues précédents et la détection des centres d&rsquo;intér&ecirc;t</li>\n<li><strong>Envoyer des données au jouet</strong> : les données d&rsquo;interactivité sont renvoyées &agrave; l&rsquo;appareil, directement ou &agrave; travers l&rsquo;application mobile</li>\n<li><strong>Conserver les données sur les serveurs</strong> : les données captées et calculées sont stockées sur les serveurs cloud</li>\n<li><strong>Analyser les données</strong> : des algorithmes d&rsquo;analyse des données sont exécutés sur les serveurs cloud pour produire des statistiques d&rsquo;usage ainsi qu&rsquo;un ciblage publicitaire</li>\n<li><strong>Consulter les données des serveurs cloud</strong> : une partie des données captées et calculées peuvent &ecirc;tre consultées via l&rsquo;application mobile ou sur un espace Internet personnel</li>\n<li><strong>Partager des données</strong> : certaines données peuvent &ecirc;tre relayées vers des applications tierces ou postées sur des réseaux sociaux</li>\n</ol>",
                  "active": true
                },
                {
                  "id": 123,
                  "title": "sections.1.items.2.questions.3.title",
                  "link_knowledge_base": ["PIA_LGL_SUPT"],
                  "placeholder": "sections.1.items.2.questions.3.placeholder",
                  "answer_type": "text",
                  "answer": "<strong>Détaillez ici les supports de données pour l'ensemble du cycle de vie.</strong><br /><br />Par exemple :<br /><br /><strong><em>Syst&egrave;mes informatiques sur lesquels reposent les données :</em></strong><br />\n<ul>\n<li>Appareil (caméra, micro, haut-parleur, capteurs de mouvement, température, humidité)</li>\n<li>Smartphone/tablette/ordinateur de l&rsquo;utilisateur</li>\n<li>Application mobile/navigateur</li>\n<li>Réseau Wifi</li>\n<li>Internet</li>\n<li>Serveurs cloud de l'hébergeur</li>\n<li>Serveurs cloud des prestataires d'interactivité et de publicités</li>\n</ul>\n<em><strong>Autres supports :</strong> </em><br />\n<ul>\n<li>Utilisateur de l'objet</li>\n<li>Locaux de l&rsquo;utilisateur</li>\n<li>Personnels du fabricant, de l'hébergeur, des sous-traitants/partenaires</li>\n<li>Locaux du fabricant, de l'hébergeur, des sous-traitants/partenaires</li>\n</ul>",
                  "active": true
                }
              ]
            }
          ]
        },
        {
          "id": 2,
          "title": "sections.2.title",
          "short_help": "sections.2.short_help",
          "items": [
            {
              "id": 1,
              "title": "sections.2.items.1.title",
              "evaluation_mode": "question",
              "short_help": "sections.2.items.2.short_help",
              "questions": [
                {
                  "id": 211,
                  "title": "sections.2.items.1.questions.1.title",
                  "short_title": "sections.2.items.1.questions.1.short_title",
                  "link_knowledge_base": ["PIA_LGL_FIN", "PIA_DEF_FIN"],
                  "placeholder": "sections.2.items.1.questions.1.placeholder",
                  "answer_type": "text",
                  "answer": "<strong>Détailler ici les finalités de traitement des données et justifiez leur légitimité.</strong><br /><br /><em><span style=\"text-decoration: underline;\">Note</span> : Pensez &agrave; expliciter les finalités de partage avec des tiers, notamment pour la publicité et les &laquo; offres partenaires &raquo;, ainsi que les finalités de traitement de données pour l&rsquo;amélioration du service.</em><br /><br /><em><span style=\"text-decoration: underline;\">Note</span> : Pensez &agrave; expliciter les modalités particuli&egrave;res du traitement, en précisant notamment les croisements de données s&rsquo;il y a lieu.</em><br /><br /><em><span style=\"text-decoration: underline;\">Attention</span> : en raison de la vulnérabilité générale d&rsquo;un enfant et compte tenu du fait que les données &agrave; caract&egrave;re personnel doivent &ecirc;tre traitées de mani&egrave;re loyale et licite, les responsables d&rsquo;un traitement ciblant les enfants devraient respecter de fa&ccedil;on encore plus stricte les principes de limitation de la finalité. </em><br /><em>Plus particuli&egrave;rement, les responsables du traitement ne devraient pas utiliser les données de l&rsquo;enfant &agrave; des fins de profilage (par ex. pour de la publicité ciblée), que ce soit directement ou indirectement, dans la mesure o&ugrave; une telle pratique n&rsquo;entre pas dans la sph&egrave;re de compréhension d&rsquo;un enfant et dépasse d&egrave;s lors les limites d&rsquo;un traitement loyal.</em>",
                  "active": true
                },
                {
                  "id": 212,
                  "title": "sections.2.items.1.questions.2.title",
                  "short_title": "sections.2.items.1.questions.2.short_title",
                  "link_knowledge_base": ["PIA_LGL_FOND"],
                  "placeholder": "sections.2.items.1.questions.2.placeholder",
                  "answer_type": "text",
                  "answer": "<strong>Indiquez ici les fondements assurant la licéité du traitement.</strong><br /><br /><em><span style=\"text-decoration: underline;\">Note</span> : Dans le cas d&rsquo;une obligation légale ou d&rsquo;une mission d&rsquo;intér&ecirc;t public ou relevant de l&rsquo;exercice de l&rsquo;autorité publique, préciser dans la justification le fondement légal du traitement dans le droit de l'Union européenne ou de l'état membre auquel le responsable du traitement est soumis.</em><br /><br /><em><span style=\"text-decoration: underline;\">Note</span> : Il peut y avoir plusieurs fondements pour un traitement : par exemple, un contrat lié &agrave; l&rsquo;achat du produit pour son utilisation dans sa finalité principale et un consentement pour ses finalités secondaires (amélioration du service, marketing, etc.) qui sera recueilli lors de l&rsquo;activation du produit.</em><br /><br /><em><span style=\"text-decoration: underline;\">Attention</span> : si les données sont traitées &agrave; une fin autre que celle pour laquelle elles ont été collectées et que le traitement n'est pas fondé sur le consentement de la personne concernée ou sur le droit de l'Union européenne ou d&rsquo;un état membre, il est nécessaire de déterminer si cette autre fin est compatible avec la finalité initiale de collecte, en tenant compte, entre autres :</em><br />\n<div style=\"padding-left: 30px;\"><em>- de l'existence éventuelle d'un lien entre la finalité du traitement et la finalité initiale de collecte des données ;</em></div>\n<div style=\"padding-left: 30px;\"><em>- du contexte de collecte initiale, en particulier en ce qui concerne la relation entre les personnes concernées et le responsable du traitement ;</em></div>\n<div style=\"padding-left: 30px;\"><em>- de la nature des données &agrave; caract&egrave;re personnel, en particulier si le traitement porte sur des catégories particuli&egrave;res de données ou des données relatives &agrave; des condamnations pénales et &agrave; des infractions&nbsp; ;</em></div>\n<div style=\"padding-left: 30px;\"><em>- des conséquences possibles du traitement ultérieur envisagé pour les personnes concernées ;</em></div>\n<div style=\"padding-left: 30px;\"><em>- de l'existence de garanties appropriées, qui peuvent comprendre le chiffrement ou la pseudonymisation.</em></div>",
                  "active": true
                },
                {
                  "id": 213,
                  "title": "sections.2.items.1.questions.3.title",
                  "short_title": "sections.2.items.1.questions.3.short_title",
                  "link_knowledge_base": [
                    "PIA_LGL_MINI",
                    "PIA_DEF_MINC",
                    "PIA_DEF_MIND"
                  ],
                  "placeholder": "sections.2.items.1.questions.3.placeholder",
                  "answer_type": "text",
                  "answer": "Il est important de réduire la gravité des risques en minimisant le nombre de données &agrave; caract&egrave;re personnel qui seront traitées, en se limitant au strict nécessaire au regard de la finalité définie (ne pas les collecter sinon). Ensuite, il est également possible de minimiser les données elles-m&ecirc;mes, par des mesures destinées &agrave; réduire leur sensibilité.<br /><br /><strong>Détaillez ici les données traitées, réduites au strict nécessaire, accompagnées de la justification du besoin et des éventuelles mesures de minimisation complémentaires.</strong><br /><br />Par exemple :<br />\n<ol>\n<li><span style=\"text-decoration: underline;\"><strong>Données courantes</strong></span></li>\n</ol>\n<em><strong>Etat-civil, identité, données d'identification :</strong></em><br />\n<ul>\n<li><strong>Détail</strong> : prénom, date de naissance, genre, adresse électronique, numéro de téléphone, lien avec un compte de réseau social</li>\n<li><strong>Justification</strong> : éléments nécessaires &agrave; la création d&rsquo;un profil permettant de communiquer</li>\n<li><strong>Mesures de minimisation</strong> :<strong><br /></strong>\n<ul>\n<li>Pas de nom de famille</li>\n<li>Remplacement de la date de naissance par l&rsquo;&acirc;ge ou une tranche d&rsquo;&acirc;ge</li>\n<li>Stockage séparé des données identifiantes, dans une base chiffrée</li>\n</ul>\n</li>\n</ul>\n<em><strong>Vie personnelle</strong> (habitudes de vie, situation familiale, hors données sensibles ou dangereuses, etc.) :</em><br />\n<ul>\n<li><strong>Détail</strong> : Textes/messages, sons, images, mouvements, température, humidité, réponses aux questions des enfants, identification des centres d&rsquo;intér&ecirc;ts pour aider &agrave; la pertinence des réponses, publicités ciblées</li>\n<li><strong>Justification</strong> : éléments faisant partie des fonctions de communication</li>\n<li><strong>Mesures de minimisation</strong> : Non</li>\n</ul>\n<em><strong>Vie professionnelle</strong> (CV, scolarité formation professionnelle, distinctions, etc.) :</em> Non collectées<br /><br /><em><strong>Informations d'ordre économique et financier</strong> (revenus, situation financi&egrave;re, situation fiscale, etc.) :</em> Non collectées<br /><br /><em><strong>Données de connexion</strong> (adresses IP, journaux d&rsquo;événements, etc.) :</em><br />\n<ul>\n<li><strong>Détail</strong> : Traces applicatives, logs techniques</li>\n<li><strong>Justification</strong> : Besoins de sécurité et de vérifier le respect des CGU</li>\n<li><strong>Mesures de minimisation</strong> :<br />\n<ul>\n<li>Pseudonymisation pour l'exploitation statistique</li>\n</ul>\n</li>\n</ul>\n<em><strong>Données de localisation</strong> (déplacements, données GPS, GSM, etc.) :</em><br />\n<ul>\n<li><strong>Détail</strong> : localisation du smartphone intégrée dans les photos (si options activée)</li>\n<li><strong>Justification</strong> : inutile</li>\n<li><strong>Mesures de minimisation</strong> :<br />\n<ul>\n<li>Retrait des informations de localisation avant envoi des photos</li>\n</ul>\n</li>\n</ul>\n<div style=\"padding-left: 30px;\"><br />2. <span style=\"text-decoration: underline;\"><strong>Données per&ccedil;ues comme sensibles</strong></span></div>\n<br /><em><strong>Numéro de sécurité sociale</strong> (NIR) :</em> Non collecté<br /><br /><em><strong>Données biométriques :</strong></em><br />\n<ul>\n<li><strong>Détail</strong> : données brutes, voix et photographies</li>\n<li><strong>Justification</strong> : éléments faisant partie des fonctions de communication</li>\n<li><strong>Mesures de minimisation</strong> : Non</li>\n</ul>\n<em><strong>Données bancaires</strong></em> : Non collectées<br />\n<div style=\"padding-left: 30px;\"><br />3. <strong><span style=\"text-decoration: underline;\">Données sensibles</span></strong></div>\n<br /><em><strong>Opinions philosophiques, politiques, religieuses, syndicales, vie sexuelle, données de santé, origine raciales ou ethniques, relatives &agrave; la santé ou &agrave; la vie sexuelle :</strong></em><br />\n<ul>\n<li><strong>Détail</strong> : Non collectées mais peuvent appara&icirc;tre directement ou indirectement dans les données textes, audios et vidéos</li>\n<li><strong>Justification</strong> : élément faisant partie des fonctions de communication</li>\n<li><strong>Mesures de minimisation</strong> : Non</li>\n</ul>\n<em><strong>Infractions, condamnations, mesures de sécurité</strong> :</em> Non collectées<br /><br /><br /><em><span style=\"text-decoration: underline;\">Note</span> : Pensez &agrave; bien justifier la collecte de certaines données (localisation, date de naissance, &acirc;ge, poids, etc.) et &agrave; bien faire la distinction entre les données anonymes et pseudonymes.</em><br /><br /><em><span style=\"text-decoration: underline;\">Conseil</span> : évitez les champs de saisie en texte libre (ex : zones &laquo; commentaires &raquo;), en raison du risque que les utilisateurs y consignent des informations ne respectant pas les principes de minimisation. On préférera donc des champs de saisie &agrave; base de listes déroulantes. Si on ne peut éviter la saisie de texte libre, une sensibilisation des utilisateurs devra &ecirc;tre faite quant &agrave; l&rsquo;usage de ces champs, vis-&agrave;-vis des conditions générales du service et vis-&agrave;-vis de la loi (pas de propos injurieux, pas de données sensibles non déclarées, etc.).</em><br /><br /><em><span style=\"text-decoration: underline;\">Attention</span> : pour un traitement concernant des personnes mineures, les données sont globalement considérées comme sensibles selon le RGPD.</em><br /><br /><em><span style=\"text-decoration: underline;\">Attention</span> : en raison de la vulnérabilité générale d&rsquo;un enfant et compte tenu du fait que les données &agrave; caract&egrave;re personnel doivent &ecirc;tre traitées de mani&egrave;re loyale et licite, les responsables d&rsquo;un traitement ciblant les enfants devraient respecter de fa&ccedil;on encore plus stricte les principes de minimisation des données et de limitation de la finalité.</em><br /><em>Les responsables du traitement devraient s&rsquo;abstenir plus spécifiquement de collecter des données relatives aux parents ou aux membres de la famille de l&rsquo;enfant, telles que des informations financi&egrave;res ou des catégories particuli&egrave;res d&rsquo;information comme des données médicales.</em>",
                  "active": true
                },
                {
                  "id": 214,
                  "title": "sections.2.items.1.questions.4.title",
                  "short_title": "sections.2.items.1.questions.4.short_title",
                  "link_knowledge_base": ["PIA_DEF_EXA"],
                  "placeholder": "sections.2.items.1.questions.4.placeholder",
                  "answer_type": "text",
                  "answer": "<strong>Précisez les mesures de respect de la qualité des données, en justifiant les modalités ou l&rsquo;impossibilité de mise en oeuvre sur l&rsquo;appareil, l&rsquo;application mobile et l&rsquo;espace personnel \"cloud\".</strong><br /><br />Notamment :<br />\n<ul>\n<li>Vérification réguli&egrave;re de l&rsquo;exactitude des données personnelles de l&rsquo;utilisateur</li>\n<li>Invitation de l&rsquo;utilisateur &agrave; contr&ocirc;ler et, si nécessaire, mettre &agrave; jour ses données</li>\n<li>Tra&ccedil;abilité des modifications des données</li>\n</ul>",
                  "active": true
                },
                {
                  "id": 215,
                  "title": "sections.2.items.1.questions.5.title",
                  "short_title": "sections.2.items.1.questions.5.short_title",
                  "link_knowledge_base": ["PIA_LGL_DUR"],
                  "placeholder": "sections.2.items.1.questions.5.placeholder",
                  "answer_type": "text",
                  "answer": "Une durée de conservation doit &ecirc;tre définie pour chaque type de données et justifiée par les besoins du traitement et/ou des contraintes légales. On distingue ainsi les données courantes et les données archivées dont l&rsquo;acc&egrave;s sera restreint aux seuls acteurs concernées.<br />Un mécanisme de suppression doit &ecirc;tre implémenté pour archiver les données courantes ou purger les données archivées &agrave; la fin de leur période de conservation. Les traces fonctionnelles devront également &ecirc;tre purgées, tout comme les logs techniques qui ne pourront pas &ecirc;tre conservés indéfiniment.<br /><br /><strong>Détaillez ici, pour chacun des types de données (données courantes, données archivées, traces fonctionnelles et journaux techniques) :</strong><br />\n<ol>\n<li><strong>la durée de conservation,</strong></li>\n<li><strong>la justification de la durée de conservation,</strong></li>\n<li><strong>les mécanismes de suppression &agrave; la fin de la conservation.</strong></li>\n</ol>\n<br /><em><span style=\"text-decoration: underline;\">Note</span> : En réduisant la quantité de données traitées et disponibles, l&rsquo;archivage et la purge permettent de limiter les impacts en cas de vol ou de diffusion accidentelle de la base de données.<br /></em>Afin de s&rsquo;assurer de l&rsquo;effectivité de ces durées de conservation, il est conseillé de mettre en place un mécanisme automatique basé sur la date de création des données ou de leur dernier usage.<br /><br /><em><span style=\"text-decoration: underline;\">Attention</span> : pour les données sensibles, pour les données &agrave; risques élevé, il conviendra d&rsquo;utiliser des outils d&rsquo;effacement sécurisés rendant les données irrécupérables.</em>",
                  "active": true
                }
              ]
            },
            {
              "id": 2,
              "title": "sections.2.items.2.title",
              "evaluation_mode": "question",
              "short_help": "sections.2.items.2.short_help",
              "questions": [
                {
                  "id": 221,
                  "title": "sections.2.items.2.questions.1.title",
                  "short_title": "sections.2.items.2.questions.1.short_title",
                  "link_knowledge_base": ["PIA_LGL_INFO"],
                  "placeholder": "sections.2.items.2.questions.1.placeholder",
                  "answer_type": "text",
                  "answer": "<strong>Précisez ici les mesures destinées &agrave; assurer l&rsquo;information des utilisateurs (ou de leurs parents) en justifiant les modalités ou l&rsquo;impossibilité/exemption de leur mise en oeuvre sur l'appareil, l'application mobile, l'espace personnel \"cloud\", etc.</strong><br /><br />Notamment :<br />\n<ul>\n<li>Présentation, lors de l&rsquo;initialisation du dispositif, des conditions d&rsquo;utilisation/confidentialité</li>\n<li>Possibilité d&rsquo;accéder aux conditions d&rsquo;utilisation/confidentialité apr&egrave;s l&rsquo;initialisation</li>\n<li>Conditions lisibles et compréhensibles</li>\n<li>Existence de clauses spécifiques au dispositif</li>\n<li>Présentation détaillée des finalités des traitements de données (objectifs précis, croisements de données s&rsquo;il y a lieu, etc.)</li>\n<li>Présentation détaillée des données personnelles collectées</li>\n<li>Présentation des éventuels acc&egrave;s &agrave; des identifiants de l&rsquo;appareil, du smartphone/tablette ou de l&rsquo;ordinateur, en précisant si ces identifiants sont communiqués &agrave; des tiers</li>\n<li>Présentation des droits de l&rsquo;utilisateur (retrait du consentement, suppression de données, etc.)</li>\n<li>Information de l'utilisateur si l'application est susceptible de fonctionner en arri&egrave;re-plan</li>\n<li>Information sur le mode de stockage sécurisé des données, notamment en cas d&rsquo;externalisation</li>\n<li>Information sur les protections d'acc&egrave;s &agrave; l'appareil</li>\n<li>Modalités de contact de l'entreprise (identité et coordonnées) pour les questions de confidentialité</li>\n<li>Information sur la possibilité de définir des directives relatives au sort des données post-mortem</li>\n<li>Le cas échéant, information de l'utilisateur de tout changement concernant les données collectées, les finalités, les clauses de confidentialité</li>\n</ul>\nEt, dans le cas de transmission de données &agrave; des tiers :<br />\n<ul>\n<li>présentation détaillée des finalités de transmission &agrave; des tiers</li>\n<li>présentation détaillée des données personnelles transmises</li>\n<li>indication de l'identité des organismes tiers</li>\n</ul>\n<br /><em><span style=\"text-decoration: underline;\">Attention</span> : dans le cas de transmission de données &agrave; des organismes tiers au responsable du traitement (filiales, affiliés, intragroupe, partenaires, etc.), il est nécessaire de fournir la liste des destinataires (dans une rubrique d&rsquo;information dédiée), en précisant les catégories de données transmises et la finalité du transfert, et en fournissant un lien hypertexte vers la politique de protection des données des destinataires respectifs. Il faut également prévoir un processus interne permettant de mettre &agrave; jour cette liste en cas de modification.</em><br /><br /><em><span style=\"text-decoration: underline;\">Attention</span> : les développeurs d&rsquo;applications, en collaboration avec les magasins d&rsquo;applications et les fabricants de syst&egrave;mes d&rsquo;exploitation et de dispositifs, devraient présenter les informations utiles de mani&egrave;re simple, dans un langage adapté &agrave; un jeune &acirc;ge, éventuellement par un message sonore.</em><br /><br /><em><span style=\"text-decoration: underline;\">Recommandation</span> : placer un &laquo; QR Code &raquo; d&rsquo;information sur l&rsquo;objet et responsabiliser les utilisateurs (ou leurs parents) pour qu&rsquo;ils informent les tiers que leurs données sont susceptibles d&rsquo;&ecirc;tre collectées (par ex. les autres enfants conversant avec l&rsquo;appareil ou présents sur les photos partagées).</em>",
                  "active": true
                },
                {
                  "id": 222,
                  "title": "sections.2.items.2.questions.2.title",
                  "short_title": "sections.2.items.2.questions.2.short_title",
                  "link_knowledge_base": ["PIA_LGL_CONS", "PIA_DEF_CONS"],
                  "placeholder": "sections.2.items.2.questions.2.placeholder",
                  "answer_type": "text",
                  "answer": "Si le traitement est fondé sur le consentement de la personne, le responsable de traitement doit &ecirc;tre en mesure de démontrer qu&rsquo;il a bien recueilli ce consentement. La personne concernée doit avoir la possibilité de retirer son accord &agrave; tout moment et de fa&ccedil;on simple. <br /><br /><strong>Si la licéité du traitement repose sur le consentement, précisez les mesures destinées &agrave; assurer le recueil du consentement des utilisateurs (ou de leurs parents), le rappel et la réaffirmation de leur consentement, ainsi que le maintien des param&egrave;tres liés &agrave; celui-ci, en justifiant les modalités ou l&rsquo;impossibilité de mise en oeuvre sur l'appareil, l'application mobile et l'espace personnel \"cloud\".</strong><br /><br />Notamment :<br />\n<ul>\n<li>Consentement expr&egrave;s lors de l&rsquo;initialisation</li>\n<li>Consentement segmenté par catégorie de données ou types de traitement</li>\n<li>Consentement expr&egrave;s avant le partage de données avec d&rsquo;autres utilisateurs</li>\n<li>Consentement présenté de mani&egrave;re simple, compréhensible et adaptée &agrave; l&rsquo;utilisateur cible (notamment pour les enfants)</li>\n<li>Recueil du consentement des parents pour les mineurs de moins de 13 ans</li>\n<li>Pour un nouvel utilisateur, mise en oeuvre d&rsquo;un nouveau recueil de consentement</li>\n<li>Apr&egrave;s une longue période sans utilisation, demande &agrave; l&rsquo;utilisateur de réaffirmer son consentement</li>\n<li>Si l&rsquo;utilisateur a consenti au traitement de données particuli&egrave;res (par ex. sa localisation), l&rsquo;interface signale clairement que ce traitement a lieu (ic&ocirc;ne, voyant lumineux)</li>\n<li>Si l&rsquo;utilisateur change d&rsquo;appareil, de smartphone ou d&rsquo;ordinateur, s&rsquo;il réinstalle l&rsquo;application mobile ou efface ses cookies, les param&egrave;tres liés &agrave; son consentement sont maintenus</li>\n</ul>\n<br /><em><span style=\"text-decoration: underline;\">Attention</span> : le RGPD a renforcé les bases légales concernant le consentement pour toute offre directe de services de la société de l&rsquo;information &agrave; destination des mineurs, et la charge de la preuve (non ambig&uuml;e) incombe au responsable de traitement ou au sous-traitant.</em><br /><em>En pratique, le consentement du responsable parental est requis pour les enfants de moins de 16 ans, avec la possibilité pour les états membres de fixer un &acirc;ge inférieur, mais qui ne peut &ecirc;tre en de&ccedil;&agrave; de 13 ans. Le responsable du traitement s'efforce raisonnablement de vérifier que le consentement est bien donné par le responsable parental, compte tenu des moyens technologiques disponibles.</em><br /><br /><em><span style=\"text-decoration: underline;\">Attention</span> : lorsque le consentement d&rsquo;un mineur peut &ecirc;tre légalement obtenu et que l&rsquo;application est destinée &agrave; l&rsquo;utilisation par un enfant ou un mineur, le responsable du traitement doit &ecirc;tre attentif au fait que le mineur peut avoir une compréhension limitée du traitement des données et qu&rsquo;il n&rsquo;accorde que peu d&rsquo;attention aux informations sur le sujet.</em><br /><em>Les développeurs d&rsquo;applications, en collaboration avec les magasins d&rsquo;applications et les fabricants de syst&egrave;mes d&rsquo;exploitation et de dispositifs, devraient présenter les informations utiles de mani&egrave;re simple, dans un langage adapté &agrave; un jeune &acirc;ge.</em>",
                  "active": true
                },
                {
                  "id": 223,
                  "title": "sections.2.items.2.questions.3.title",
                  "short_title": "sections.2.items.2.questions.1.short_title",
                  "link_knowledge_base": [
                    "PIA_LGL_ACC",
                    "PIA_LGL_PORT",
                    "PIA_DEF_ACC",
                    "PIA_DEF_PORT"
                  ],
                  "placeholder": "sections.2.items.2.questions.3.placeholder",
                  "answer_type": "text",
                  "answer": "<strong>Précisez les mesures destinées &agrave; assurer le droit d&rsquo;acc&egrave;s des utilisateurs (ou de leurs parents) &agrave; l&rsquo;ensemble des données &agrave; caract&egrave;re personnel les concernant, en justifiant les modalités ou l&rsquo;impossibilité/exemption de mise en oeuvre sur l'appareil, l'application mobile et l'espace personnel \"cloud\".</strong><br /><br />Notamment :<br /><br /><strong><em>Droit d'acc&egrave;s :</em></strong><br />\n<ul>\n<li>Possibilité d&rsquo;accéder &agrave; l&rsquo;ensemble des données personnelles de l&rsquo;utilisateur, via les interfaces courantes</li>\n<li>Possibilité de consulter, de mani&egrave;re sécurisée, les traces d&rsquo;utilisation liées &agrave; l&rsquo;utilisateur</li>\n<li>Possibilité de télécharger une archive de l&rsquo;ensemble des données &agrave; caract&egrave;re personnel liées &agrave; l&rsquo;utilisateur</li>\n</ul>\n<strong><em>Droit &agrave; la portabilité :</em></strong><br />\n<ul>\n<li>Possibilité de récupérer, sous une forme aisément réutilisable, les données personnelles qui ont été fournies par l&rsquo;utilisateur, afin de pouvoir les transférer &agrave; un service tiers</li>\n</ul>",
                  "active": true
                },
                {
                  "id": 224,
                  "title": "sections.2.items.2.questions.4.title",
                  "short_title": "sections.2.items.2.questions.4.short_title",
                  "link_knowledge_base": [
                    "PIA_LGL_EFF",
                    "PIA_LGL_RECT",
                    "PIA_DEF_EFF",
                    "PIA_DEF_RECT"
                  ],
                  "placeholder": "sections.2.items.2.questions.4.placeholder",
                  "answer_type": "text",
                  "answer": "<strong>Précisez les mesures destinées &agrave; assurer le droit &agrave; la rectification ou l&rsquo;effacement des données des utilisateurs (ou de leurs parents) qui le souhaitent, en justifiant les modalités ou l&rsquo;impossibilité/exemption de mise en oeuvre sur l'appareil, l'application mobile et l'espace personnel \"cloud\".</strong><br /><br />Notamment :<br />\n<ul>\n<li>Possibilité de rectifier les données personnelles</li>\n<li>Possibilité de supprimer les données personnelles</li>\n<li>Indication des données personnelles qui seront conservées malgré tout (contraintes techniques, obligations légales, etc.)</li>\n<li>Mise en oeuvre du droit &agrave; l&rsquo;oubli pour les mineurs</li>\n<li>Indications claires et étapes simples pour effacer les données avant de mettre l&rsquo;appareil au rebut</li>\n<li>Conseils fournis pour remise &agrave; zéro en cas de vente de l&rsquo;appareil</li>\n<li>Possibilité d'effacer les données en cas de vol de l&rsquo;appareil</li>\n</ul>\n<br /><em><span style=\"text-decoration: underline;\">Attention</span> : le responsable de traitement dispose d&rsquo;un délai d&rsquo;un mois pour effacer les données ou répondre &agrave; la personne ; passé ce délai, la personne concernée peut saisir la CNIL. Des exceptions existent, notamment dans le cas o&ugrave; les informations publiées sont nécessaires &agrave; liberté d&rsquo;information, pour des motifs d&rsquo;intér&ecirc;t public ou pour respecter une obligation légale.</em><br /><em>Un internaute &acirc;gé de moins de 18 ans au moment de la publication ou de la création d&rsquo;un compte en ligne peut directement et sans autre motif demander au site l&rsquo;effacement, dans les meilleurs délais, des données le concernant.</em>",
                  "active": true
                },
                {
                  "id": 225,
                  "title": "sections.2.items.2.questions.5.title",
                  "short_title": "sections.2.items.2.questions.5.short_title",
                  "link_knowledge_base": [
                    "PIA_LGL_LIM",
                    "PIA_DEF_LIM",
                    "PIA_DEF_OPP"
                  ],
                  "placeholder": "sections.2.items.2.questions.5.placeholder",
                  "answer_type": "text",
                  "answer": "<strong>Précisez les mesures destinées &agrave; assurer le droit d&rsquo;opposition et de limitation soit pour les différentes finalités soit pour l&rsquo;ensemble d&rsquo;un traitement, en justifiant les modalités ou l&rsquo;impossibilité/exemption de mise en oeuvre sur l'appareil, l'application mobile et l'espace personnel \"cloud\".</strong><br /><br />Notamment :<br />\n<ul>\n<li>Existence de param&egrave;tres &laquo; Vie privée &raquo;</li>\n<li>Invitation &agrave; changer les param&egrave;tres par défaut</li>\n<li>Param&egrave;tres &laquo; Vie privée &raquo; accessibles pendant l&rsquo;initialisation du dispositif</li>\n<li>Param&egrave;tres &laquo; Vie privée &raquo; accessibles apr&egrave;s l&rsquo;initialisation du dispositif</li>\n<li>Existence d&rsquo;un dispositif de contr&ocirc;le parental pour les enfants de moins de 13 ans</li>\n<li>Existence d&rsquo;un dispositif permettant &agrave; l&rsquo;utilisateur de demander la limitation du traitement</li>\n<li>Existence de moyens techniques permettant au RT de verrouiller l&rsquo;acc&egrave;s et l&rsquo;utilisation des données objet de la limitation</li>\n<li>Possibilité de désactiver certaines fonctions de l&rsquo;appareil (micro, navigateur web, etc.)</li>\n<li>Existence d&rsquo;applications alternatives pour accéder &agrave; l'appareil</li>\n<li>Possibilité de s'opposer au fonctionnement de l&rsquo;application mobile en arri&egrave;re-plan</li>\n<li>Conformité en mati&egrave;re de tra&ccedil;age (cookies, publicité, etc.)</li>\n<li>Exclusion des enfants de moins de 13 ans des traitements de profilage automatisé</li>\n<li>Exclusion effective de traitement des données de l&rsquo;utilisateur en cas de retrait du consentement</li>\n</ul>\n<br /><em><span style=\"text-decoration: underline;\">Note</span> : Le droit &agrave; la limitation permet &agrave; la personne concernée d&rsquo;exiger le &laquo; gel &raquo; du traitement de ses données, comme mesure conservatoire le temps d&rsquo;en vérifier la légitimité, par exemple.</em>",
                  "active": true
                },
                {
                  "id": 226,
                  "title": "sections.2.items.2.questions.6.title",
                  "short_title": "sections.2.items.2.questions.6.short_title",
                  "link_knowledge_base": ["PIA_LGL_ST", "PIA_DEF_ST"],
                  "placeholder": "sections.2.items.2.questions.6.placeholder",
                  "answer_type": "text",
                  "answer": "Un contrat de sous-traitance doit &ecirc;tre conclu avec chacun des sous-traitants, précisant l&rsquo;ensemble des éléments prévus &agrave; l&rsquo;art. 28 du RGPD (durée, périm&egrave;tre, finalité, des instructions de traitement documentées, l&rsquo;autorisation préalable en cas de recours &agrave; un sous-traitant, mise &agrave; disposition de toute documentation apportant la preuve du respect du RGPD, notification dans les meilleurs délais de toute violation de données, etc.).<br /><br /><strong>Détaillez ici les contrats pour chacun des sous-traitants :</strong><br />\n<ol>\n<li><strong>Nom du sous-traitant</strong></li>\n<li><strong>Finalité</strong></li>\n<li><strong>Périm&egrave;tre</strong></li>\n<li><strong>Référence du contrat</strong></li>\n<li><strong>Conformité art.28</strong></li>\n</ol>",
                  "active": true
                },
                {
                  "id": 227,
                  "title": "sections.2.items.2.questions.7.title",
                  "short_title": "sections.2.items.2.questions.7.short_title",
                  "link_knowledge_base": ["PIA_LGL_TRAN"],
                  "placeholder": "sections.2.items.2.questions.7.placeholder",
                  "answer_type": "text",
                  "answer": "<strong>Détaillez ici le lieu géographique de stockage des données, en justifiant le choix d&rsquo;un hébergement éloigné et en indiquant les modalités d&rsquo;encadrement juridique mises en &oelig;uvre afin d&rsquo;assurer une protection adéquate des données, pour les données de l&rsquo;appareil, de l&rsquo;application mobile et de l&rsquo;espace personnel \"cloud\" :</strong><br />\n<ol>\n<li><strong>Pays</strong> : France /Union européenne /Pays reconnu adéquat par l&rsquo;UE /Autre pays</li>\n<li><strong>Justification et encadrement en cas de transfert transfrontalier</strong> : clauses contractuelles types /r&egrave;gles internes d'entreprise</li>\n</ol>",
                  "active": true
                }
              ]
            }
          ]
        },
        {
          "id": 3,
          "title": "sections.3.title",
          "short_help": "sections.3.short_help",
          "items": [
            {
              "id": 1,
              "is_measure": true,
              "filter_by": "measure",
              "title": "sections.3.items.1.title",
              "link_knowledge_base": [],
              "evaluation_mode": "question",
              "short_help": "sections.3.items.1.short_help",
              "answers": [
                {
                  "title": "[ Notes concernant les mesures de sécurité ]",
                  "content": "<strong>Les types de mesures de sécurité présentés dans la base de connaissance </strong>(ci-contre)<strong> correspondent aux bonnes pratiques recommandées par la CNIL.</strong><br /><br /><strong>Vous devez également tenir compte des référentiels de sécurité sectoriels applicables &agrave; votre traitement (politique générale de sécurité, PIA Framework, code de conduite, etc.).</strong><br /><br /><br /><em><span style=\"text-decoration: underline;\">Note</span> : Concernant le chiffrement, pensez &agrave; :</em><br />\n<div style=\"padding-left: 30px;\"><em>- la sécurité du Wifi (chiffrement, stockage du mot de passe Wifi);</em></div>\n<div style=\"padding-left: 30px;\"><em>- la sécurisation des certificats, stockés sur l&rsquo;appareil ou le smartphone, utilisés pour authentifier et chiffrer les connexions.</em></div>\n<br /><em><span style=\"text-decoration: underline;\">Note</span> : Concernant l'anomymisation, pensez &agrave; bien faire la distinction entre les données anonymes et pseudonymes.</em><br /><br /><em><span style=\"text-decoration: underline;\">Note</span> : Concernant le contr&ocirc;le des acc&egrave;s logiques, pensez &agrave; :</em><br />\n<div style=\"padding-left: 30px;\"><em>- la sécurité du mot de passe utilisateur, que ce soit sur l&rsquo;appareil, sur le smartphone ou dans le cloud. Les mots de passe doivent &ecirc;tre stockés sous forme hachée par un algorithme robuste avec application préalable d&rsquo;un sel ;</em></div>\n<div style=\"padding-left: 30px;\"><em>- la protection de l'acc&egrave;s &agrave; l&rsquo;application sur smartphone par mot de passe spécifique ;</em></div>\n<div style=\"padding-left: 30px;\"><em>- sécuriser l&rsquo;appairage entre l&rsquo;appareil, l&rsquo;application mobile et l&rsquo;espace personnel ;</em></div>\n<div style=\"padding-left: 30px;\"><em>- protéger les données, y compris les métadonnées (dont Exif) et traces techniques, en cas d&rsquo;acc&egrave;s direct par connexion physique &agrave; l&rsquo;appareil ou au smartphone.</em></div>\n<br /><em><span style=\"text-decoration: underline;\">Note</span> : Concernant la sécurité de l'exploitation, pensez aux possibilités de mettre &agrave; jour l&rsquo;appareil.</em>"
                }
              ]
            },
            {
              "id": 2,
              "title": "sections.3.items.2.title",
              "evaluation_mode": "item",
              "evaluation_with_gauge": true,
              "short_help": "sections.3.items.2.short_help",
              "questions": [
                {
                  "id": 321,
                  "title": "sections.3.items.2.questions.1.title",
                  "link_knowledge_base": ["PIA_DEF_ACCI", "PIA_DEF_IMP"],
                  "placeholder": "sections.3.items.2.questions.1.placeholder",
                  "answer_type": "list",
                  "active": true
                },
                {
                  "id": 322,
                  "title": "sections.3.items.2.questions.2.title",
                  "link_knowledge_base": [
                    "PIA_DEF_ACCI",
                    "PIA_DEF_MEN",
                    "PIA_EX_MENA",
                    "PIA_EX_MENM",
                    "PIA_EX_MENI"
                  ],
                  "placeholder": "sections.3.items.2.questions.2.placeholder",
                  "answer_type": "list",
                  "active": true
                },
                {
                  "id": 323,
                  "title": "sections.3.items.2.questions.3.title",
                  "link_knowledge_base": [
                    "PIA_DEF_ACCI",
                    "PIA_DEF_SRC",
                    "PIA_EX_HUMI",
                    "PIA_EX_HUME",
                    "PIA_EX_NHUM"
                  ],
                  "placeholder": "sections.3.items.2.questions.3.placeholder",
                  "answer_type": "list",
                  "active": true
                },
                {
                  "id": 324,
                  "title": "sections.3.items.2.questions.4.title",
                  "is_measure": true,
                  "link_knowledge_base": ["PIA_DEF_ACCI", "PIA_DEF_MES"],
                  "placeholder": "sections.3.items.2.questions.4.placeholder",
                  "answer_type": "list",
                  "active": true
                },
                {
                  "id": 325,
                  "title": "sections.3.items.2.questions.5.title",
                  "link_knowledge_base": [
                    "PIA_DEF_ACCI",
                    "PIA_DEF_IMP",
                    "PIA_DEF_GRV",
                    "PIA_EX_IMPN",
                    "PIA_EX_IMPL",
                    "PIA_EX_IMPI",
                    "PIA_EX_IMPM"
                  ],
                  "placeholder": "sections.3.items.2.questions.5.placeholder",
                  "answer_type": "gauge",
                  "cartography": "risk-access_x",
                  "active": true
                },
                {
                  "id": 326,
                  "title": "sections.3.items.2.questions.6.title",
                  "link_knowledge_base": [
                    "PIA_DEF_ACCI",
                    "PIA_DEF_VRA",
                    "PIA_EX_VRAN",
                    "PIA_EX_VRAL",
                    "PIA_EX_VRAI",
                    "PIA_EX_VRAM"
                  ],
                  "placeholder": "sections.3.items.2.questions.6.placeholder",
                  "answer_type": "gauge",
                  "cartography": "risk-access_y",
                  "active": true
                }
              ]
            },
            {
              "id": 3,
              "title": "sections.3.items.3.title",
              "evaluation_mode": "item",
              "evaluation_with_gauge": true,
              "short_help": "sections.3.items.3.short_help",
              "questions": [
                {
                  "id": 331,
                  "title": "sections.3.items.3.questions.1.title",
                  "link_knowledge_base": ["PIA_DEF_MODI", "PIA_DEF_IMP"],
                  "placeholder": "sections.3.items.3.questions.1.placeholder",
                  "answer_type": "list",
                  "active": true
                },
                {
                  "id": 332,
                  "title": "sections.3.items.3.questions.2.title",
                  "link_knowledge_base": [
                    "PIA_DEF_MODI",
                    "PIA_DEF_MEN",
                    "PIA_EX_MENA",
                    "PIA_EX_MENM",
                    "PIA_EX_MENI"
                  ],
                  "placeholder": "sections.3.items.3.questions.2.placeholder",
                  "answer_type": "list",
                  "active": true
                },
                {
                  "id": 333,
                  "title": "sections.3.items.3.questions.3.title",
                  "link_knowledge_base": [
                    "PIA_DEF_MODI",
                    "PIA_DEF_SRC",
                    "PIA_EX_HUMI",
                    "PIA_EX_HUME",
                    "PIA_EX_NHUM"
                  ],
                  "placeholder": "sections.3.items.3.questions.3.placeholder",
                  "answer_type": "list",
                  "active": true
                },
                {
                  "id": 334,
                  "title": "sections.3.items.3.questions.4.title",
                  "is_measure": true,
                  "link_knowledge_base": ["PIA_DEF_MODI", "PIA_DEF_MES"],
                  "placeholder": "sections.3.items.3.questions.4.placeholder",
                  "answer_type": "list",
                  "active": true
                },
                {
                  "id": 335,
                  "title": "sections.3.items.3.questions.5.title",
                  "link_knowledge_base": [
                    "PIA_DEF_MODI",
                    "PIA_DEF_GRV",
                    "PIA_DEF_IMP",
                    "PIA_EX_IMPN",
                    "PIA_EX_IMPL",
                    "PIA_EX_IMPI",
                    "PIA_EX_IMPM"
                  ],
                  "placeholder": "sections.3.items.3.questions.5.placeholder",
                  "answer_type": "gauge",
                  "cartography": "risk-change_x",
                  "active": true
                },
                {
                  "id": 336,
                  "title": "sections.3.items.3.questions.6.title",
                  "link_knowledge_base": [
                    "PIA_DEF_MODI",
                    "PIA_DEF_VRA",
                    "PIA_EX_VRAN",
                    "PIA_EX_VRAL",
                    "PIA_EX_VRAI",
                    "PIA_EX_VRAM"
                  ],
                  "placeholder": "sections.3.items.3.questions.6.placeholder",
                  "answer_type": "gauge",
                  "cartography": "risk-change_y",
                  "active": true
                }
              ]
            },
            {
              "id": 4,
              "title": "sections.3.items.4.title",
              "evaluation_mode": "item",
              "evaluation_with_gauge": true,
              "short_help": "sections.3.items.4.short_help",
              "questions": [
                {
                  "id": 341,
                  "title": "sections.3.items.4.questions.1.title",
                  "link_knowledge_base": ["PIA_DEF_IND", "PIA_DEF_IMP"],
                  "placeholder": "sections.3.items.4.questions.1.placeholder",
                  "answer_type": "list",
                  "active": true
                },
                {
                  "id": 342,
                  "title": "sections.3.items.4.questions.2.title",
                  "link_knowledge_base": [
                    "PIA_DEF_IND",
                    "PIA_DEF_MEN",
                    "PIA_EX_MENA",
                    "PIA_EX_MENM",
                    "PIA_EX_MENI"
                  ],
                  "placeholder": "sections.3.items.4.questions.2.placeholder",
                  "answer_type": "list",
                  "active": true
                },
                {
                  "id": 343,
                  "title": "sections.3.items.4.questions.3.title",
                  "link_knowledge_base": [
                    "PIA_DEF_IND",
                    "PIA_DEF_SRC",
                    "PIA_EX_HUMI",
                    "PIA_EX_HUME",
                    "PIA_EX_NHUM"
                  ],
                  "placeholder": "sections.3.items.4.questions.3.placeholder",
                  "answer_type": "list",
                  "active": true
                },
                {
                  "id": 344,
                  "title": "sections.3.items.4.questions.4.title",
                  "is_measure": true,
                  "link_knowledge_base": ["PIA_DEF_IND", "PIA_DEF_MES"],
                  "placeholder": "sections.3.items.4.questions.4.placeholder",
                  "answer_type": "list",
                  "active": true
                },
                {
                  "id": 345,
                  "title": "sections.3.items.4.questions.5.title",
                  "link_knowledge_base": [
                    "PIA_DEF_IND",
                    "PIA_DEF_GRV",
                    "PIA_DEF_IMP",
                    "PIA_EX_IMPN",
                    "PIA_EX_IMPL",
                    "PIA_EX_IMPI",
                    "PIA_EX_IMPM"
                  ],
                  "placeholder": "sections.3.items.4.questions.5.placeholder",
                  "answer_type": "gauge",
                  "cartography": "risk-disappearance_x",
                  "active": true
                },
                {
                  "id": 346,
                  "title": "sections.3.items.4.questions.6.title",
                  "link_knowledge_base": [
                    "PIA_DEF_IND",
                    "PIA_DEF_VRA",
                    "PIA_EX_VRAN",
                    "PIA_EX_VRAL",
                    "PIA_EX_VRAI",
                    "PIA_EX_VRAM"
                  ],
                  "placeholder": "sections.3.items.4.questions.6.placeholder",
                  "answer_type": "gauge",
                  "cartography": "risk-disappearance_y",
                  "active": true
                }
              ]
            },
            {
              "id": 5,
              "title": "sections.3.items.5.title",
              "evaluation_mode": "",
              "short_help": "sections.3.items.5.short_help",
              "type": ""
            }
          ]
        },
        {
          "id": 4,
          "title": "sections.4.title",
          "short_help": "sections.4.short_help",
          "items": [
            {
              "id": 1,
              "title": "sections.4.items.1.title",
              "evaluation_mode": "",
              "link_knowledge_base": ["PIA_VAL_CART"],
              "short_help": "sections.4.items.1.short_help"
            },
            {
              "id": 2,
              "title": "sections.4.items.2.title",
              "evaluation_mode": "",
              "link_knowledge_base": ["PIA_VAL_ACT"],
              "short_help": "sections.4.items.2.short_help"
            },
            {
              "id": 3,
              "title": "sections.4.items.3.title",
              "evaluation_mode": "",
              "link_knowledge_base": [
                "PIA_VAL_DPO",
                "PIA_VAL_CONC",
                "PIA_VAL_RT"
              ],
              "short_help": "sections.4.items.3.short_help"
            },
            {
              "id": 4,
              "hide": true,
              "title": "sections.4.items.4.title",
              "evaluation_mode": "",
              "link_knowledge_base": "",
              "short_help": ""
            },
            {
              "id": 5,
              "hide": true,
              "title": "sections.4.items.5.title",
              "evaluation_mode": "",
              "link_knowledge_base": "",
              "short_help": ""
            }
          ]
        }
      ]
    },
    "updated_at": "2018-11-22T16:07:43.779Z"
  }
}
