{
  "structure": {
    "dbVersion": 201808011000,
    "tableName": "structure",
    "serverUrl": null,
    "is_example": false,
    "created_at": "2018-11-21T11:22:02.201Z",
    "id": 6,
    "objectStore": {},
    "name": "Example : PIAF Connected Objects",
    "sector_name": "IoT",
    "data": {
      "sections": [
        {
          "id": 1,
          "title": "sections.1.title",
          "short_help": "sections.1.short_help",
          "items": [
            {
              "id": 1,
              "title": "sections.1.items.1.title",
              "evaluation_mode": "item",
              "short_help": "sections.1.items.1.short_help",
              "questions": [
                {
                  "id": 111,
                  "title": "sections.1.items.1.questions.1.title",
                  "link_knowledge_base": ["PIA_LGL_DESC", "PIA_DEF_FIN"],
                  "placeholder": "sections.1.items.1.questions.1.placeholder",
                  "answer_type": "text",
                  "answer": "<strong>Present a brief outline of :<br /></strong>\n<ol>\n<li><strong>the product under consideration </strong><strong><span id=\"result_box\" class=\"\" lang=\"en\"><span class=\"\">and its operation (especially its connectivity),</span></span></strong></li>\n<li><strong>the purposes of the product,</strong></li>\n<li><strong>the stakes/benefits of the product. </strong></li>\n</ol>\nFor example:<br />\n<ol>\n<li>The device is a toy fitted with a microphone, a camera and basic functional buttons (power, action, reset).<br />It connects via Wi-Fi and communicates with a dedicated mobile app, hosted on a smartphone or a tablet, or with an online service.</li>\n<li>Its purposes are :\n<ul>\n<li>Provide interactivity to the child, through the possibility of dialogue with the toy (questions/answers in natural language by voice recognition).</li>\n<li>Enable the child to communicate online (send voice messages, texts and photos) with his/her friends and/or parents.</li>\n<li>Feed information back to the parents (surveillance device).</li>\n</ul>\n</li>\n<li>The stakes are about creating a new category of toys for children and their parents by leveraging connectivity, in keeping with the legal framework and personal data security.</li>\n</ol>",
                  "active": true
                },
                {
                  "id": 112,
                  "title": "sections.1.items.1.questions.2.title",
                  "link_knowledge_base": [
                    "PIA_LGL_DESC",
                    "PIA_DEF_RT",
                    "PIA_DEF_ST"
                  ],
                  "placeholder": "sections.1.items.1.questions.2.placeholder",
                  "answer_type": "text",
                  "answer": "<strong>Describe the responsibilities of the manufacturer and subcontractors/partners.<br /></strong><br />Especially:<br />\n<ul>\n<li>Who hosts the data and services?</li>\n<li>Who operates the algorithms and interactivity?</li>\n<li>Who operates the analysis of uses and the advertising?</li>\n</ul>",
                  "active": true
                },
                {
                  "id": 113,
                  "title": "sections.1.items.1.questions.3.title",
                  "link_knowledge_base": ["PIA_LGL_DESC"],
                  "placeholder": "sections.1.items.1.questions.3.placeholder",
                  "answer_type": "text",
                  "answer": "<span id=\"result_box\" class=\"\" lang=\"en\"><span class=\"\"><strong>List the sector-specific standards applicable to your processing</strong> (for example, a code of conduct, a certification, a general security policy, a PIA Framework, etc.) along with the <strong>conditions for taking them into account</strong>.</span></span>",
                  "active": true
                }
              ]
            },
            {
              "id": 2,
              "title": "sections.1.items.2.title",
              "evaluation_mode": "item",
              "short_help": "sections.1.items.2.short_help",
              "questions": [
                {
                  "id": 121,
                  "title": "sections.1.items.2.questions.1.title",
                  "link_knowledge_base": [
                    "PIA_LGL_DATA",
                    "PIA_LGL_DEST",
                    "PIA_DEF_DCP",
                    "PIA_DEF_DEST"
                  ],
                  "placeholder": "sections.1.items.2.questions.1.placeholder",
                  "answer_type": "text",
                  "answer": "<strong>Set out a detailed list of the data processed, by category, and persons with access thereto.<br /></strong><br />For example:<br /><br /><span style=\"text-decoration: underline;\"><strong>Information about the user </strong></span><br />\n<ul>\n<li>first name</li>\n<li>date of birth</li>\n<li>gender</li>\n<li>email</li>\n<li>telephone number</li>\n</ul>\n<em><span style=\"text-decoration: underline;\">Common data</span></em>: identification data<br /><em><span style=\"text-decoration: underline;\">Recipients</span></em>: host<br /><em><span style=\"text-decoration: underline;\">Persons with access thereto</span></em>: authorized staff at host and manufacturer<br /><br /><strong><span style=\"text-decoration: underline;\">Data entered in a third-party app<br /></span></strong>obtained via a link with the user account<br /><br /><em><span style=\"text-decoration: underline;\">Common data</span></em>: identification data<br /><em><span style=\"text-decoration: underline;\">Recipients</span></em>: host<br /><em><span style=\"text-decoration: underline;\">Persons with access thereto</span></em>: authorized staff at host and manufacturer<br /><br /><strong><span style=\"text-decoration: underline;\">Recorded data</span></strong><br />\n<ul>\n<li>texts/messages</li>\n<li>sounds/images/movements</li>\n<li>temperature/humidity</li>\n<li>user logs on the device, mobile app and online service</li>\n</ul>\n<em><span style=\"text-decoration: underline;\">Common data</span></em>: life habits<br /><em><span style=\"text-decoration: underline;\">Data perceived as sensitive</span></em>: image and voice (enabling biometric processing)<em><span style=\"text-decoration: underline;\"><br /></span></em><em><span style=\"text-decoration: underline;\">Sensitive data (in the meaning of the GDPR)</span></em>: data relating to minors<em><span style=\"text-decoration: underline;\"><br /></span></em><em><span style=\"text-decoration: underline;\">Recipients</span></em>: host, <span id=\"result_box\" class=\"short_text\" lang=\"en\"><span class=\"\">interactivity and advertising providers</span></span><br /><em><span style=\"text-decoration: underline;\">Persons with access thereto</span></em>: authorized staff at the different firms<br /><br /><strong><span style=\"text-decoration: underline;\">Calculated data</span></strong><br />\n<ul>\n<li>answers to children's questions</li>\n<li>identification of interests to help make answers more relevant</li>\n<li>analysis of uses</li>\n<li>targeted advertising</li>\n</ul>\n<em><span style=\"text-decoration: underline;\">Common data</span></em>: life habits<br /><em><span style=\"text-decoration: underline;\">Sensitive data (in the meaning of the GDPR)</span></em>: data relating to minors<br /><em><span style=\"text-decoration: underline;\">Recipients</span></em>: host, <span id=\"result_box\" class=\"short_text\" lang=\"en\"><span class=\"\">interactivity and advertising providers</span></span><br /><em><span style=\"text-decoration: underline;\">Persons with access thereto</span></em>: authorized staff at the different firms",
                  "active": true
                },
                {
                  "id": 122,
                  "title": "sections.1.items.2.questions.2.title",
                  "link_knowledge_base": ["PIA_LGL_LCYC"],
                  "placeholder": "sections.1.items.2.questions.2.placeholder",
                  "answer_type": "text",
                  "answer": "<strong>Present a detailed description of the processes carried out.</strong><br /><br />For example:<br />\n<ol>\n<li><strong>Open an account</strong>: the user provides identification data to open his or her account</li>\n<li><strong>Capture the data</strong>: data are recorded via sensors</li>\n<li><strong>Transfer to the mobile</strong>: the data are transferred to the mobile app, directly via the device or through the cloud servers<strong><br /></strong></li>\n<li><strong>Enter the data</strong>: data are entered into the mobile app<strong><br /></strong></li>\n<li><strong>Store in the mobile</strong>: the data are stored in the mobile app<strong><br /></strong></li>\n<li><strong>Send the data to the servers</strong>: the data are sent to the cloud servers, via the device directly or the mobile app<strong><br /></strong></li>\n<li><strong>Generate interactivity</strong>: the interactive platform in the cloud generates the response data on the basis of previous dialogues and the interests detected<strong><br /></strong></li>\n<li><strong>Send the data to the toy</strong>: the interactive data are sent back to the device, directly or through the mobile app<strong><br /></strong></li>\n<li><strong>Store the data on the servers</strong>: the captured and calculated data are stored on the cloud servers<strong><br /></strong></li>\n<li><strong>Analyze the data</strong>: data analysis algorithms are run on the cloud servers to produce statistics on use and advertising targeting <strong><br /></strong></li>\n<li><strong>Consult the cloud server data</strong>: part of the captured and calculated data can be consulted via the mobile app or on a personal Web space<strong><br /></strong></li>\n<li><strong>Share the data</strong>: some data can be passed on to third-party apps or posted on social media websites</li>\n</ol>",
                  "active": true
                },
                {
                  "id": 123,
                  "title": "sections.1.items.2.questions.3.title",
                  "link_knowledge_base": ["PIA_LGL_SUPT"],
                  "placeholder": "sections.1.items.2.questions.3.placeholder",
                  "answer_type": "text",
                  "answer": "<strong>List the the data supporting assets for the entire life cycle.<br /></strong><br />For example:<br /><br /><strong><em>IT systems on which the data rely:</em></strong><br />\n<ul>\n<li>Device (camera, microphone, loudspeaker, movement sensors, temperature, humidity)</li>\n<li>Smartphone/tablet/computer of the user</li>\n<li>Mobile app/browser</li>\n<li>Wi-Fi network</li>\n<li>Internet</li>\n<li>Cloud servers of host</li>\n<li>Cloud servers of interactivity and advertising providers</li>\n</ul>\n<em><strong>Other supporting assets:</strong> </em><br />\n<ul>\n<li>User</li>\n<li>User's premises</li>\n<li>Staff at manufacturer, host and subcontractors/partners</li>\n<li>Premises of manufacturer, host and subcontractors/partners</li>\n</ul>",
                  "active": true
                }
              ]
            }
          ]
        },
        {
          "id": 2,
          "title": "sections.2.title",
          "short_help": "sections.2.short_help",
          "items": [
            {
              "id": 1,
              "title": "sections.2.items.1.title",
              "evaluation_mode": "question",
              "short_help": "sections.2.items.2.short_help",
              "questions": [
                {
                  "id": 211,
                  "title": "sections.2.items.1.questions.1.title",
                  "short_title": "sections.2.items.1.questions.1.short_title",
                  "link_knowledge_base": ["PIA_LGL_FIN", "PIA_DEF_FIN"],
                  "placeholder": "sections.2.items.1.questions.1.placeholder",
                  "answer_type": "text",
                  "answer": "<strong>Set out in detail the data processing purposes and&nbsp; justify their legitimacy.<br /></strong><br /><em><span style=\"text-decoration: underline;\">Note</span>: remember to explain the purposes of sharing with third parties, in particular for advertising and \"partner offers\", as well as the data processing purposes for improving the service.</em><br /><br /><em><span style=\"text-decoration: underline;\">Note</span>: remember to explain the specific conditions under which the processing will take place, particularly by clarifying data matching where applicable.<br /></em><span lang=\"EN-US\"><br /><em><span style=\"text-decoration: underline;\">NB</span>: on account of a child's general vulnerability and the fact that personal data must be processed fairly and lawfully, the controllers of a processing operation targeting children must comply even more strictly with the principles of purpose limitation. <br />More particularly, the controllers must not use the child's data for profiling purposes (e.g. for targeted advertising), whether directly or indirectly, insofar as it is not possible for a child to understand the implications of this, and it therefore goes beyond what can be considered fair processing.</em></span><em><!-- [if gte mso 9]><xml>\n <w:WordDocument>\n  <w:View>Normal</w:View>\n  <w:Zoom>0</w:Zoom>\n  <w:TrackMoves/>\n  <w:TrackFormatting/>\n  <w:HyphenationZone>21</w:HyphenationZone>\n  <w:PunctuationKerning/>\n  <w:ValidateAgainstSchemas/>\n  <w:SaveIfXMLInvalid>false</w:SaveIfXMLInvalid>\n  <w:IgnoreMixedContent>false</w:IgnoreMixedContent>\n  <w:AlwaysShowPlaceholderText>false</w:AlwaysShowPlaceholderText>\n  <w:DoNotPromoteQF/>\n  <w:LidThemeOther>FR</w:LidThemeOther>\n  <w:LidThemeAsian>X-NONE</w:LidThemeAsian>\n  <w:LidThemeComplexScript>X-NONE</w:LidThemeComplexScript>\n  <w:Compatibility>\n   <w:BreakWrappedTables/>\n   <w:SnapToGridInCell/>\n   <w:WrapTextWithPunct/>\n   <w:UseAsianBreakRules/>\n   <w:DontGrowAutofit/>\n   <w:SplitPgBreakAndParaMark/>\n   <w:EnableOpenTypeKerning/>\n   <w:DontFlipMirrorIndents/>\n   <w:OverrideTableStyleHps/>\n  </w:Compatibility>\n  <m:mathPr>\n   <m:mathFont m:val=\"Cambria Math\"/>\n   <m:brkBin m:val=\"before\"/>\n   <m:brkBinSub m:val=\"&#45;-\"/>\n   <m:smallFrac m:val=\"off\"/>\n   <m:dispDef/>\n   <m:lMargin m:val=\"0\"/>\n   <m:rMargin m:val=\"0\"/>\n   <m:defJc m:val=\"centerGroup\"/>\n   <m:wrapIndent m:val=\"1440\"/>\n   <m:intLim m:val=\"subSup\"/>\n   <m:naryLim m:val=\"undOvr\"/>\n  </m:mathPr></w:WordDocument>\n</xml><![endif]--><!-- [if gte mso 9]><xml>\n <w:LatentStyles DefLockedState=\"false\" DefUnhideWhenUsed=\"false\"\n  DefSemiHidden=\"false\" DefQFormat=\"false\" DefPriority=\"99\"\n  LatentStyleCount=\"371\">\n  <w:LsdException Locked=\"false\" Priority=\"0\" QFormat=\"true\" Name=\"Normal\"/>\n  <w:LsdException Locked=\"false\" Priority=\"9\" QFormat=\"true\" Name=\"heading 1\"/>\n  <w:LsdException Locked=\"false\" Priority=\"9\" SemiHidden=\"true\"\n   UnhideWhenUsed=\"true\" QFormat=\"true\" Name=\"heading 2\"/>\n  <w:LsdException Locked=\"false\" Priority=\"9\" SemiHidden=\"true\"\n   UnhideWhenUsed=\"true\" QFormat=\"true\" Name=\"heading 3\"/>\n  <w:LsdException Locked=\"false\" Priority=\"9\" SemiHidden=\"true\"\n   UnhideWhenUsed=\"true\" QFormat=\"true\" Name=\"heading 4\"/>\n  <w:LsdException Locked=\"false\" Priority=\"9\" SemiHidden=\"true\"\n   UnhideWhenUsed=\"true\" QFormat=\"true\" Name=\"heading 5\"/>\n  <w:LsdException Locked=\"false\" Priority=\"9\" SemiHidden=\"true\"\n   UnhideWhenUsed=\"true\" QFormat=\"true\" Name=\"heading 6\"/>\n  <w:LsdException Locked=\"false\" Priority=\"9\" SemiHidden=\"true\"\n   UnhideWhenUsed=\"true\" QFormat=\"true\" Name=\"heading 7\"/>\n  <w:LsdException Locked=\"false\" Priority=\"9\" SemiHidden=\"true\"\n   UnhideWhenUsed=\"true\" QFormat=\"true\" Name=\"heading 8\"/>\n  <w:LsdException Locked=\"false\" Priority=\"9\" SemiHidden=\"true\"\n   UnhideWhenUsed=\"true\" QFormat=\"true\" Name=\"heading 9\"/>\n  <w:LsdException Locked=\"false\" SemiHidden=\"true\" UnhideWhenUsed=\"true\"\n   Name=\"index 1\"/>\n  <w:LsdException Locked=\"false\" SemiHidden=\"true\" UnhideWhenUsed=\"true\"\n   Name=\"index 2\"/>\n  <w:LsdException Locked=\"false\" SemiHidden=\"true\" UnhideWhenUsed=\"true\"\n   Name=\"index 3\"/>\n  <w:LsdException Locked=\"false\" SemiHidden=\"true\" UnhideWhenUsed=\"true\"\n   Name=\"index 4\"/>\n  <w:LsdException Locked=\"false\" SemiHidden=\"true\" UnhideWhenUsed=\"true\"\n   Name=\"index 5\"/>\n  <w:LsdException Locked=\"false\" SemiHidden=\"true\" UnhideWhenUsed=\"true\"\n   Name=\"index 6\"/>\n  <w:LsdException Locked=\"false\" SemiHidden=\"true\" UnhideWhenUsed=\"true\"\n   Name=\"index 7\"/>\n  <w:LsdException Locked=\"false\" SemiHidden=\"true\" UnhideWhenUsed=\"true\"\n   Name=\"index 8\"/>\n  <w:LsdException Locked=\"false\" SemiHidden=\"true\" UnhideWhenUsed=\"true\"\n   Name=\"index 9\"/>\n  <w:LsdException Locked=\"false\" Priority=\"39\" SemiHidden=\"true\"\n   UnhideWhenUsed=\"true\" Name=\"toc 1\"/>\n  <w:LsdException Locked=\"false\" Priority=\"39\" SemiHidden=\"true\"\n   UnhideWhenUsed=\"true\" Name=\"toc 2\"/>\n  <w:LsdException Locked=\"false\" Priority=\"39\" SemiHidden=\"true\"\n   UnhideWhenUsed=\"true\" Name=\"toc 3\"/>\n  <w:LsdException Locked=\"false\" Priority=\"39\" SemiHidden=\"true\"\n   UnhideWhenUsed=\"true\" Name=\"toc 4\"/>\n  <w:LsdException Locked=\"false\" Priority=\"39\" SemiHidden=\"true\"\n   UnhideWhenUsed=\"true\" Name=\"toc 5\"/>\n  <w:LsdException Locked=\"false\" Priority=\"39\" SemiHidden=\"true\"\n   UnhideWhenUsed=\"true\" Name=\"toc 6\"/>\n  <w:LsdException Locked=\"false\" Priority=\"39\" SemiHidden=\"true\"\n   UnhideWhenUsed=\"true\" Name=\"toc 7\"/>\n  <w:LsdException Locked=\"false\" Priority=\"39\" SemiHidden=\"true\"\n   UnhideWhenUsed=\"true\" Name=\"toc 8\"/>\n  <w:LsdException Locked=\"false\" Priority=\"39\" SemiHidden=\"true\"\n   UnhideWhenUsed=\"true\" Name=\"toc 9\"/>\n  <w:LsdException Locked=\"false\" SemiHidden=\"true\" UnhideWhenUsed=\"true\"\n   Name=\"Normal Indent\"/>\n  <w:LsdException Locked=\"false\" SemiHidden=\"true\" UnhideWhenUsed=\"true\"\n   Name=\"footnote text\"/>\n  <w:LsdException Locked=\"false\" SemiHidden=\"true\" UnhideWhenUsed=\"true\"\n   Name=\"annotation text\"/>\n  <w:LsdException Locked=\"false\" SemiHidden=\"true\" UnhideWhenUsed=\"true\"\n   Name=\"header\"/>\n  <w:LsdException Locked=\"false\" SemiHidden=\"true\" UnhideWhenUsed=\"true\"\n   Name=\"footer\"/>\n  <w:LsdException Locked=\"false\" SemiHidden=\"true\" UnhideWhenUsed=\"true\"\n   Name=\"index heading\"/>\n  <w:LsdException Locked=\"false\" Priority=\"35\" SemiHidden=\"true\"\n   UnhideWhenUsed=\"true\" QFormat=\"true\" Name=\"caption\"/>\n  <w:LsdException Locked=\"false\" SemiHidden=\"true\" UnhideWhenUsed=\"true\"\n   Name=\"table of figures\"/>\n  <w:LsdException Locked=\"false\" SemiHidden=\"true\" UnhideWhenUsed=\"true\"\n   Name=\"envelope address\"/>\n  <w:LsdException Locked=\"false\" SemiHidden=\"true\" UnhideWhenUsed=\"true\"\n   Name=\"envelope return\"/>\n  <w:LsdException Locked=\"false\" SemiHidden=\"true\" UnhideWhenUsed=\"true\"\n   Name=\"footnote reference\"/>\n  <w:LsdException Locked=\"false\" SemiHidden=\"true\" UnhideWhenUsed=\"true\"\n   Name=\"annotation reference\"/>\n  <w:LsdException Locked=\"false\" SemiHidden=\"true\" UnhideWhenUsed=\"true\"\n   Name=\"line number\"/>\n  <w:LsdException Locked=\"false\" SemiHidden=\"true\" UnhideWhenUsed=\"true\"\n   Name=\"page number\"/>\n  <w:LsdException Locked=\"false\" SemiHidden=\"true\" UnhideWhenUsed=\"true\"\n   Name=\"endnote reference\"/>\n  <w:LsdException Locked=\"false\" SemiHidden=\"true\" UnhideWhenUsed=\"true\"\n   Name=\"endnote text\"/>\n  <w:LsdException Locked=\"false\" SemiHidden=\"true\" UnhideWhenUsed=\"true\"\n   Name=\"table of authorities\"/>\n  <w:LsdException Locked=\"false\" SemiHidden=\"true\" UnhideWhenUsed=\"true\"\n   Name=\"macro\"/>\n  <w:LsdException Locked=\"false\" SemiHidden=\"true\" UnhideWhenUsed=\"true\"\n   Name=\"toa heading\"/>\n  <w:LsdException Locked=\"false\" SemiHidden=\"true\" UnhideWhenUsed=\"true\"\n   Name=\"List\"/>\n  <w:LsdException Locked=\"false\" SemiHidden=\"true\" UnhideWhenUsed=\"true\"\n   Name=\"List Bullet\"/>\n  <w:LsdException Locked=\"false\" SemiHidden=\"true\" UnhideWhenUsed=\"true\"\n   Name=\"List Number\"/>\n  <w:LsdException Locked=\"false\" SemiHidden=\"true\" UnhideWhenUsed=\"true\"\n   Name=\"List 2\"/>\n  <w:LsdException Locked=\"false\" SemiHidden=\"true\" UnhideWhenUsed=\"true\"\n   Name=\"List 3\"/>\n  <w:LsdException Locked=\"false\" SemiHidden=\"true\" UnhideWhenUsed=\"true\"\n   Name=\"List 4\"/>\n  <w:LsdException Locked=\"false\" SemiHidden=\"true\" UnhideWhenUsed=\"true\"\n   Name=\"List 5\"/>\n  <w:LsdException Locked=\"false\" SemiHidden=\"true\" UnhideWhenUsed=\"true\"\n   Name=\"List Bullet 2\"/>\n  <w:LsdException Locked=\"false\" SemiHidden=\"true\" UnhideWhenUsed=\"true\"\n   Name=\"List Bullet 3\"/>\n  <w:LsdException Locked=\"false\" SemiHidden=\"true\" UnhideWhenUsed=\"true\"\n   Name=\"List Bullet 4\"/>\n  <w:LsdException Locked=\"false\" SemiHidden=\"true\" UnhideWhenUsed=\"true\"\n   Name=\"List Bullet 5\"/>\n  <w:LsdException Locked=\"false\" SemiHidden=\"true\" UnhideWhenUsed=\"true\"\n   Name=\"List Number 2\"/>\n  <w:LsdException Locked=\"false\" SemiHidden=\"true\" UnhideWhenUsed=\"true\"\n   Name=\"List Number 3\"/>\n  <w:LsdException Locked=\"false\" SemiHidden=\"true\" UnhideWhenUsed=\"true\"\n   Name=\"List Number 4\"/>\n  <w:LsdException Locked=\"false\" SemiHidden=\"true\" UnhideWhenUsed=\"true\"\n   Name=\"List Number 5\"/>\n  <w:LsdException Locked=\"false\" Priority=\"10\" QFormat=\"true\" Name=\"Title\"/>\n  <w:LsdException Locked=\"false\" SemiHidden=\"true\" UnhideWhenUsed=\"true\"\n   Name=\"Closing\"/>\n  <w:LsdException Locked=\"false\" SemiHidden=\"true\" UnhideWhenUsed=\"true\"\n   Name=\"Signature\"/>\n  <w:LsdException Locked=\"false\" Priority=\"1\" SemiHidden=\"true\"\n   UnhideWhenUsed=\"true\" Name=\"Default Paragraph Font\"/>\n  <w:LsdException Locked=\"false\" SemiHidden=\"true\" UnhideWhenUsed=\"true\"\n   Name=\"Body Text\"/>\n  <w:LsdException Locked=\"false\" SemiHidden=\"true\" UnhideWhenUsed=\"true\"\n   Name=\"Body Text Indent\"/>\n  <w:LsdException Locked=\"false\" SemiHidden=\"true\" UnhideWhenUsed=\"true\"\n   Name=\"List Continue\"/>\n  <w:LsdException Locked=\"false\" SemiHidden=\"true\" UnhideWhenUsed=\"true\"\n   Name=\"List Continue 2\"/>\n  <w:LsdException Locked=\"false\" SemiHidden=\"true\" UnhideWhenUsed=\"true\"\n   Name=\"List Continue 3\"/>\n  <w:LsdException Locked=\"false\" SemiHidden=\"true\" UnhideWhenUsed=\"true\"\n   Name=\"List Continue 4\"/>\n  <w:LsdException Locked=\"false\" SemiHidden=\"true\" UnhideWhenUsed=\"true\"\n   Name=\"List Continue 5\"/>\n  <w:LsdException Locked=\"false\" SemiHidden=\"true\" UnhideWhenUsed=\"true\"\n   Name=\"Message Header\"/>\n  <w:LsdException Locked=\"false\" Priority=\"11\" QFormat=\"true\" Name=\"Subtitle\"/>\n  <w:LsdException Locked=\"false\" SemiHidden=\"true\" UnhideWhenUsed=\"true\"\n   Name=\"Salutation\"/>\n  <w:LsdException Locked=\"false\" SemiHidden=\"true\" UnhideWhenUsed=\"true\"\n   Name=\"Date\"/>\n  <w:LsdException Locked=\"false\" SemiHidden=\"true\" UnhideWhenUsed=\"true\"\n   Name=\"Body Text First Indent\"/>\n  <w:LsdException Locked=\"false\" SemiHidden=\"true\" UnhideWhenUsed=\"true\"\n   Name=\"Body Text First Indent 2\"/>\n  <w:LsdException Locked=\"false\" SemiHidden=\"true\" UnhideWhenUsed=\"true\"\n   Name=\"Note Heading\"/>\n  <w:LsdException Locked=\"false\" SemiHidden=\"true\" UnhideWhenUsed=\"true\"\n   Name=\"Body Text 2\"/>\n  <w:LsdException Locked=\"false\" SemiHidden=\"true\" UnhideWhenUsed=\"true\"\n   Name=\"Body Text 3\"/>\n  <w:LsdException Locked=\"false\" SemiHidden=\"true\" UnhideWhenUsed=\"true\"\n   Name=\"Body Text Indent 2\"/>\n  <w:LsdException Locked=\"false\" SemiHidden=\"true\" UnhideWhenUsed=\"true\"\n   Name=\"Body Text Indent 3\"/>\n  <w:LsdException Locked=\"false\" SemiHidden=\"true\" UnhideWhenUsed=\"true\"\n   Name=\"Block Text\"/>\n  <w:LsdException Locked=\"false\" SemiHidden=\"true\" UnhideWhenUsed=\"true\"\n   Name=\"Hyperlink\"/>\n  <w:LsdException Locked=\"false\" SemiHidden=\"true\" UnhideWhenUsed=\"true\"\n   Name=\"FollowedHyperlink\"/>\n  <w:LsdException Locked=\"false\" Priority=\"22\" QFormat=\"true\" Name=\"Strong\"/>\n  <w:LsdException Locked=\"false\" Priority=\"20\" QFormat=\"true\" Name=\"Emphasis\"/>\n  <w:LsdException Locked=\"false\" SemiHidden=\"true\" UnhideWhenUsed=\"true\"\n   Name=\"Document Map\"/>\n  <w:LsdException Locked=\"false\" SemiHidden=\"true\" UnhideWhenUsed=\"true\"\n   Name=\"Plain Text\"/>\n  <w:LsdException Locked=\"false\" SemiHidden=\"true\" UnhideWhenUsed=\"true\"\n   Name=\"E-mail Signature\"/>\n  <w:LsdException Locked=\"false\" SemiHidden=\"true\" UnhideWhenUsed=\"true\"\n   Name=\"HTML Top of Form\"/>\n  <w:LsdException Locked=\"false\" SemiHidden=\"true\" UnhideWhenUsed=\"true\"\n   Name=\"HTML Bottom of Form\"/>\n  <w:LsdException Locked=\"false\" SemiHidden=\"true\" UnhideWhenUsed=\"true\"\n   Name=\"Normal (Web)\"/>\n  <w:LsdException Locked=\"false\" SemiHidden=\"true\" UnhideWhenUsed=\"true\"\n   Name=\"HTML Acronym\"/>\n  <w:LsdException Locked=\"false\" SemiHidden=\"true\" UnhideWhenUsed=\"true\"\n   Name=\"HTML Address\"/>\n  <w:LsdException Locked=\"false\" SemiHidden=\"true\" UnhideWhenUsed=\"true\"\n   Name=\"HTML Cite\"/>\n  <w:LsdException Locked=\"false\" SemiHidden=\"true\" UnhideWhenUsed=\"true\"\n   Name=\"HTML Code\"/>\n  <w:LsdException Locked=\"false\" SemiHidden=\"true\" UnhideWhenUsed=\"true\"\n   Name=\"HTML Definition\"/>\n  <w:LsdException Locked=\"false\" SemiHidden=\"true\" UnhideWhenUsed=\"true\"\n   Name=\"HTML Keyboard\"/>\n  <w:LsdException Locked=\"false\" SemiHidden=\"true\" UnhideWhenUsed=\"true\"\n   Name=\"HTML Preformatted\"/>\n  <w:LsdException Locked=\"false\" SemiHidden=\"true\" UnhideWhenUsed=\"true\"\n   Name=\"HTML Sample\"/>\n  <w:LsdException Locked=\"false\" SemiHidden=\"true\" UnhideWhenUsed=\"true\"\n   Name=\"HTML Typewriter\"/>\n  <w:LsdException Locked=\"false\" SemiHidden=\"true\" UnhideWhenUsed=\"true\"\n   Name=\"HTML Variable\"/>\n  <w:LsdException Locked=\"false\" SemiHidden=\"true\" UnhideWhenUsed=\"true\"\n   Name=\"Normal Table\"/>\n  <w:LsdException Locked=\"false\" SemiHidden=\"true\" UnhideWhenUsed=\"true\"\n   Name=\"annotation subject\"/>\n  <w:LsdException Locked=\"false\" SemiHidden=\"true\" UnhideWhenUsed=\"true\"\n   Name=\"No List\"/>\n  <w:LsdException Locked=\"false\" SemiHidden=\"true\" UnhideWhenUsed=\"true\"\n   Name=\"Outline List 1\"/>\n  <w:LsdException Locked=\"false\" SemiHidden=\"true\" UnhideWhenUsed=\"true\"\n   Name=\"Outline List 2\"/>\n  <w:LsdException Locked=\"false\" SemiHidden=\"true\" UnhideWhenUsed=\"true\"\n   Name=\"Outline List 3\"/>\n  <w:LsdException Locked=\"false\" SemiHidden=\"true\" UnhideWhenUsed=\"true\"\n   Name=\"Table Simple 1\"/>\n  <w:LsdException Locked=\"false\" SemiHidden=\"true\" UnhideWhenUsed=\"true\"\n   Name=\"Table Simple 2\"/>\n  <w:LsdException Locked=\"false\" SemiHidden=\"true\" UnhideWhenUsed=\"true\"\n   Name=\"Table Simple 3\"/>\n  <w:LsdException Locked=\"false\" SemiHidden=\"true\" UnhideWhenUsed=\"true\"\n   Name=\"Table Classic 1\"/>\n  <w:LsdException Locked=\"false\" SemiHidden=\"true\" UnhideWhenUsed=\"true\"\n   Name=\"Table Classic 2\"/>\n  <w:LsdException Locked=\"false\" SemiHidden=\"true\" UnhideWhenUsed=\"true\"\n   Name=\"Table Classic 3\"/>\n  <w:LsdException Locked=\"false\" SemiHidden=\"true\" UnhideWhenUsed=\"true\"\n   Name=\"Table Classic 4\"/>\n  <w:LsdException Locked=\"false\" SemiHidden=\"true\" UnhideWhenUsed=\"true\"\n   Name=\"Table Colorful 1\"/>\n  <w:LsdException Locked=\"false\" SemiHidden=\"true\" UnhideWhenUsed=\"true\"\n   Name=\"Table Colorful 2\"/>\n  <w:LsdException Locked=\"false\" SemiHidden=\"true\" UnhideWhenUsed=\"true\"\n   Name=\"Table Colorful 3\"/>\n  <w:LsdException Locked=\"false\" SemiHidden=\"true\" UnhideWhenUsed=\"true\"\n   Name=\"Table Columns 1\"/>\n  <w:LsdException Locked=\"false\" SemiHidden=\"true\" UnhideWhenUsed=\"true\"\n   Name=\"Table Columns 2\"/>\n  <w:LsdException Locked=\"false\" SemiHidden=\"true\" UnhideWhenUsed=\"true\"\n   Name=\"Table Columns 3\"/>\n  <w:LsdException Locked=\"false\" SemiHidden=\"true\" UnhideWhenUsed=\"true\"\n   Name=\"Table Columns 4\"/>\n  <w:LsdException Locked=\"false\" SemiHidden=\"true\" UnhideWhenUsed=\"true\"\n   Name=\"Table Columns 5\"/>\n  <w:LsdException Locked=\"false\" SemiHidden=\"true\" UnhideWhenUsed=\"true\"\n   Name=\"Table Grid 1\"/>\n  <w:LsdException Locked=\"false\" SemiHidden=\"true\" UnhideWhenUsed=\"true\"\n   Name=\"Table Grid 2\"/>\n  <w:LsdException Locked=\"false\" SemiHidden=\"true\" UnhideWhenUsed=\"true\"\n   Name=\"Table Grid 3\"/>\n  <w:LsdException Locked=\"false\" SemiHidden=\"true\" UnhideWhenUsed=\"true\"\n   Name=\"Table Grid 4\"/>\n  <w:LsdException Locked=\"false\" SemiHidden=\"true\" UnhideWhenUsed=\"true\"\n   Name=\"Table Grid 5\"/>\n  <w:LsdException Locked=\"false\" SemiHidden=\"true\" UnhideWhenUsed=\"true\"\n   Name=\"Table Grid 6\"/>\n  <w:LsdException Locked=\"false\" SemiHidden=\"true\" UnhideWhenUsed=\"true\"\n   Name=\"Table Grid 7\"/>\n  <w:LsdException Locked=\"false\" SemiHidden=\"true\" UnhideWhenUsed=\"true\"\n   Name=\"Table Grid 8\"/>\n  <w:LsdException Locked=\"false\" SemiHidden=\"true\" UnhideWhenUsed=\"true\"\n   Name=\"Table List 1\"/>\n  <w:LsdException Locked=\"false\" SemiHidden=\"true\" UnhideWhenUsed=\"true\"\n   Name=\"Table List 2\"/>\n  <w:LsdException Locked=\"false\" SemiHidden=\"true\" UnhideWhenUsed=\"true\"\n   Name=\"Table List 3\"/>\n  <w:LsdException Locked=\"false\" SemiHidden=\"true\" UnhideWhenUsed=\"true\"\n   Name=\"Table List 4\"/>\n  <w:LsdException Locked=\"false\" SemiHidden=\"true\" UnhideWhenUsed=\"true\"\n   Name=\"Table List 5\"/>\n  <w:LsdException Locked=\"false\" SemiHidden=\"true\" UnhideWhenUsed=\"true\"\n   Name=\"Table List 6\"/>\n  <w:LsdException Locked=\"false\" SemiHidden=\"true\" UnhideWhenUsed=\"true\"\n   Name=\"Table List 7\"/>\n  <w:LsdException Locked=\"false\" SemiHidden=\"true\" UnhideWhenUsed=\"true\"\n   Name=\"Table List 8\"/>\n  <w:LsdException Locked=\"false\" SemiHidden=\"true\" UnhideWhenUsed=\"true\"\n   Name=\"Table 3D effects 1\"/>\n  <w:LsdException Locked=\"false\" SemiHidden=\"true\" UnhideWhenUsed=\"true\"\n   Name=\"Table 3D effects 2\"/>\n  <w:LsdException Locked=\"false\" SemiHidden=\"true\" UnhideWhenUsed=\"true\"\n   Name=\"Table 3D effects 3\"/>\n  <w:LsdException Locked=\"false\" SemiHidden=\"true\" UnhideWhenUsed=\"true\"\n   Name=\"Table Contemporary\"/>\n  <w:LsdException Locked=\"false\" SemiHidden=\"true\" UnhideWhenUsed=\"true\"\n   Name=\"Table Elegant\"/>\n  <w:LsdException Locked=\"false\" SemiHidden=\"true\" UnhideWhenUsed=\"true\"\n   Name=\"Table Professional\"/>\n  <w:LsdException Locked=\"false\" SemiHidden=\"true\" UnhideWhenUsed=\"true\"\n   Name=\"Table Subtle 1\"/>\n  <w:LsdException Locked=\"false\" SemiHidden=\"true\" UnhideWhenUsed=\"true\"\n   Name=\"Table Subtle 2\"/>\n  <w:LsdException Locked=\"false\" SemiHidden=\"true\" UnhideWhenUsed=\"true\"\n   Name=\"Table Web 1\"/>\n  <w:LsdException Locked=\"false\" SemiHidden=\"true\" UnhideWhenUsed=\"true\"\n   Name=\"Table Web 2\"/>\n  <w:LsdException Locked=\"false\" SemiHidden=\"true\" UnhideWhenUsed=\"true\"\n   Name=\"Table Web 3\"/>\n  <w:LsdException Locked=\"false\" SemiHidden=\"true\" UnhideWhenUsed=\"true\"\n   Name=\"Balloon Text\"/>\n  <w:LsdException Locked=\"false\" Priority=\"39\" Name=\"Table Grid\"/>\n  <w:LsdException Locked=\"false\" SemiHidden=\"true\" UnhideWhenUsed=\"true\"\n   Name=\"Table Theme\"/>\n  <w:LsdException Locked=\"false\" SemiHidden=\"true\" Name=\"Placeholder Text\"/>\n  <w:LsdException Locked=\"false\" Priority=\"1\" QFormat=\"true\" Name=\"No Spacing\"/>\n  <w:LsdException Locked=\"false\" Priority=\"60\" Name=\"Light Shading\"/>\n  <w:LsdException Locked=\"false\" Priority=\"61\" Name=\"Light List\"/>\n  <w:LsdException Locked=\"false\" Priority=\"62\" Name=\"Light Grid\"/>\n  <w:LsdException Locked=\"false\" Priority=\"63\" Name=\"Medium Shading 1\"/>\n  <w:LsdException Locked=\"false\" Priority=\"64\" Name=\"Medium Shading 2\"/>\n  <w:LsdException Locked=\"false\" Priority=\"65\" Name=\"Medium List 1\"/>\n  <w:LsdException Locked=\"false\" Priority=\"66\" Name=\"Medium List 2\"/>\n  <w:LsdException Locked=\"false\" Priority=\"67\" Name=\"Medium Grid 1\"/>\n  <w:LsdException Locked=\"false\" Priority=\"68\" Name=\"Medium Grid 2\"/>\n  <w:LsdException Locked=\"false\" Priority=\"69\" Name=\"Medium Grid 3\"/>\n  <w:LsdException Locked=\"false\" Priority=\"70\" Name=\"Dark List\"/>\n  <w:LsdException Locked=\"false\" Priority=\"71\" Name=\"Colorful Shading\"/>\n  <w:LsdException Locked=\"false\" Priority=\"72\" Name=\"Colorful List\"/>\n  <w:LsdException Locked=\"false\" Priority=\"73\" Name=\"Colorful Grid\"/>\n  <w:LsdException Locked=\"false\" Priority=\"60\" Name=\"Light Shading Accent 1\"/>\n  <w:LsdException Locked=\"false\" Priority=\"61\" Name=\"Light List Accent 1\"/>\n  <w:LsdException Locked=\"false\" Priority=\"62\" Name=\"Light Grid Accent 1\"/>\n  <w:LsdException Locked=\"false\" Priority=\"63\" Name=\"Medium Shading 1 Accent 1\"/>\n  <w:LsdException Locked=\"false\" Priority=\"64\" Name=\"Medium Shading 2 Accent 1\"/>\n  <w:LsdException Locked=\"false\" Priority=\"65\" Name=\"Medium List 1 Accent 1\"/>\n  <w:LsdException Locked=\"false\" SemiHidden=\"true\" Name=\"Revision\"/>\n  <w:LsdException Locked=\"false\" Priority=\"34\" QFormat=\"true\"\n   Name=\"List Paragraph\"/>\n  <w:LsdException Locked=\"false\" Priority=\"29\" QFormat=\"true\" Name=\"Quote\"/>\n  <w:LsdException Locked=\"false\" Priority=\"30\" QFormat=\"true\"\n   Name=\"Intense Quote\"/>\n  <w:LsdException Locked=\"false\" Priority=\"66\" Name=\"Medium List 2 Accent 1\"/>\n  <w:LsdException Locked=\"false\" Priority=\"67\" Name=\"Medium Grid 1 Accent 1\"/>\n  <w:LsdException Locked=\"false\" Priority=\"68\" Name=\"Medium Grid 2 Accent 1\"/>\n  <w:LsdException Locked=\"false\" Priority=\"69\" Name=\"Medium Grid 3 Accent 1\"/>\n  <w:LsdException Locked=\"false\" Priority=\"70\" Name=\"Dark List Accent 1\"/>\n  <w:LsdException Locked=\"false\" Priority=\"71\" Name=\"Colorful Shading Accent 1\"/>\n  <w:LsdException Locked=\"false\" Priority=\"72\" Name=\"Colorful List Accent 1\"/>\n  <w:LsdException Locked=\"false\" Priority=\"73\" Name=\"Colorful Grid Accent 1\"/>\n  <w:LsdException Locked=\"false\" Priority=\"60\" Name=\"Light Shading Accent 2\"/>\n  <w:LsdException Locked=\"false\" Priority=\"61\" Name=\"Light List Accent 2\"/>\n  <w:LsdException Locked=\"false\" Priority=\"62\" Name=\"Light Grid Accent 2\"/>\n  <w:LsdException Locked=\"false\" Priority=\"63\" Name=\"Medium Shading 1 Accent 2\"/>\n  <w:LsdException Locked=\"false\" Priority=\"64\" Name=\"Medium Shading 2 Accent 2\"/>\n  <w:LsdException Locked=\"false\" Priority=\"65\" Name=\"Medium List 1 Accent 2\"/>\n  <w:LsdException Locked=\"false\" Priority=\"66\" Name=\"Medium List 2 Accent 2\"/>\n  <w:LsdException Locked=\"false\" Priority=\"67\" Name=\"Medium Grid 1 Accent 2\"/>\n  <w:LsdException Locked=\"false\" Priority=\"68\" Name=\"Medium Grid 2 Accent 2\"/>\n  <w:LsdException Locked=\"false\" Priority=\"69\" Name=\"Medium Grid 3 Accent 2\"/>\n  <w:LsdException Locked=\"false\" Priority=\"70\" Name=\"Dark List Accent 2\"/>\n  <w:LsdException Locked=\"false\" Priority=\"71\" Name=\"Colorful Shading Accent 2\"/>\n  <w:LsdException Locked=\"false\" Priority=\"72\" Name=\"Colorful List Accent 2\"/>\n  <w:LsdException Locked=\"false\" Priority=\"73\" Name=\"Colorful Grid Accent 2\"/>\n  <w:LsdException Locked=\"false\" Priority=\"60\" Name=\"Light Shading Accent 3\"/>\n  <w:LsdException Locked=\"false\" Priority=\"61\" Name=\"Light List Accent 3\"/>\n  <w:LsdException Locked=\"false\" Priority=\"62\" Name=\"Light Grid Accent 3\"/>\n  <w:LsdException Locked=\"false\" Priority=\"63\" Name=\"Medium Shading 1 Accent 3\"/>\n  <w:LsdException Locked=\"false\" Priority=\"64\" Name=\"Medium Shading 2 Accent 3\"/>\n  <w:LsdException Locked=\"false\" Priority=\"65\" Name=\"Medium List 1 Accent 3\"/>\n  <w:LsdException Locked=\"false\" Priority=\"66\" Name=\"Medium List 2 Accent 3\"/>\n  <w:LsdException Locked=\"false\" Priority=\"67\" Name=\"Medium Grid 1 Accent 3\"/>\n  <w:LsdException Locked=\"false\" Priority=\"68\" Name=\"Medium Grid 2 Accent 3\"/>\n  <w:LsdException Locked=\"false\" Priority=\"69\" Name=\"Medium Grid 3 Accent 3\"/>\n  <w:LsdException Locked=\"false\" Priority=\"70\" Name=\"Dark List Accent 3\"/>\n  <w:LsdException Locked=\"false\" Priority=\"71\" Name=\"Colorful Shading Accent 3\"/>\n  <w:LsdException Locked=\"false\" Priority=\"72\" Name=\"Colorful List Accent 3\"/>\n  <w:LsdException Locked=\"false\" Priority=\"73\" Name=\"Colorful Grid Accent 3\"/>\n  <w:LsdException Locked=\"false\" Priority=\"60\" Name=\"Light Shading Accent 4\"/>\n  <w:LsdException Locked=\"false\" Priority=\"61\" Name=\"Light List Accent 4\"/>\n  <w:LsdException Locked=\"false\" Priority=\"62\" Name=\"Light Grid Accent 4\"/>\n  <w:LsdException Locked=\"false\" Priority=\"63\" Name=\"Medium Shading 1 Accent 4\"/>\n  <w:LsdException Locked=\"false\" Priority=\"64\" Name=\"Medium Shading 2 Accent 4\"/>\n  <w:LsdException Locked=\"false\" Priority=\"65\" Name=\"Medium List 1 Accent 4\"/>\n  <w:LsdException Locked=\"false\" Priority=\"66\" Name=\"Medium List 2 Accent 4\"/>\n  <w:LsdException Locked=\"false\" Priority=\"67\" Name=\"Medium Grid 1 Accent 4\"/>\n  <w:LsdException Locked=\"false\" Priority=\"68\" Name=\"Medium Grid 2 Accent 4\"/>\n  <w:LsdException Locked=\"false\" Priority=\"69\" Name=\"Medium Grid 3 Accent 4\"/>\n  <w:LsdException Locked=\"false\" Priority=\"70\" Name=\"Dark List Accent 4\"/>\n  <w:LsdException Locked=\"false\" Priority=\"71\" Name=\"Colorful Shading Accent 4\"/>\n  <w:LsdException Locked=\"false\" Priority=\"72\" Name=\"Colorful List Accent 4\"/>\n  <w:LsdException Locked=\"false\" Priority=\"73\" Name=\"Colorful Grid Accent 4\"/>\n  <w:LsdException Locked=\"false\" Priority=\"60\" Name=\"Light Shading Accent 5\"/>\n  <w:LsdException Locked=\"false\" Priority=\"61\" Name=\"Light List Accent 5\"/>\n  <w:LsdException Locked=\"false\" Priority=\"62\" Name=\"Light Grid Accent 5\"/>\n  <w:LsdException Locked=\"false\" Priority=\"63\" Name=\"Medium Shading 1 Accent 5\"/>\n  <w:LsdException Locked=\"false\" Priority=\"64\" Name=\"Medium Shading 2 Accent 5\"/>\n  <w:LsdException Locked=\"false\" Priority=\"65\" Name=\"Medium List 1 Accent 5\"/>\n  <w:LsdException Locked=\"false\" Priority=\"66\" Name=\"Medium List 2 Accent 5\"/>\n  <w:LsdException Locked=\"false\" Priority=\"67\" Name=\"Medium Grid 1 Accent 5\"/>\n  <w:LsdException Locked=\"false\" Priority=\"68\" Name=\"Medium Grid 2 Accent 5\"/>\n  <w:LsdException Locked=\"false\" Priority=\"69\" Name=\"Medium Grid 3 Accent 5\"/>\n  <w:LsdException Locked=\"false\" Priority=\"70\" Name=\"Dark List Accent 5\"/>\n  <w:LsdException Locked=\"false\" Priority=\"71\" Name=\"Colorful Shading Accent 5\"/>\n  <w:LsdException Locked=\"false\" Priority=\"72\" Name=\"Colorful List Accent 5\"/>\n  <w:LsdException Locked=\"false\" Priority=\"73\" Name=\"Colorful Grid Accent 5\"/>\n  <w:LsdException Locked=\"false\" Priority=\"60\" Name=\"Light Shading Accent 6\"/>\n  <w:LsdException Locked=\"false\" Priority=\"61\" Name=\"Light List Accent 6\"/>\n  <w:LsdException Locked=\"false\" Priority=\"62\" Name=\"Light Grid Accent 6\"/>\n  <w:LsdException Locked=\"false\" Priority=\"63\" Name=\"Medium Shading 1 Accent 6\"/>\n  <w:LsdException Locked=\"false\" Priority=\"64\" Name=\"Medium Shading 2 Accent 6\"/>\n  <w:LsdException Locked=\"false\" Priority=\"65\" Name=\"Medium List 1 Accent 6\"/>\n  <w:LsdException Locked=\"false\" Priority=\"66\" Name=\"Medium List 2 Accent 6\"/>\n  <w:LsdException Locked=\"false\" Priority=\"67\" Name=\"Medium Grid 1 Accent 6\"/>\n  <w:LsdException Locked=\"false\" Priority=\"68\" Name=\"Medium Grid 2 Accent 6\"/>\n  <w:LsdException Locked=\"false\" Priority=\"69\" Name=\"Medium Grid 3 Accent 6\"/>\n  <w:LsdException Locked=\"false\" Priority=\"70\" Name=\"Dark List Accent 6\"/>\n  <w:LsdException Locked=\"false\" Priority=\"71\" Name=\"Colorful Shading Accent 6\"/>\n  <w:LsdException Locked=\"false\" Priority=\"72\" Name=\"Colorful List Accent 6\"/>\n  <w:LsdException Locked=\"false\" Priority=\"73\" Name=\"Colorful Grid Accent 6\"/>\n  <w:LsdException Locked=\"false\" Priority=\"19\" QFormat=\"true\"\n   Name=\"Subtle Emphasis\"/>\n  <w:LsdException Locked=\"false\" Priority=\"21\" QFormat=\"true\"\n   Name=\"Intense Emphasis\"/>\n  <w:LsdException Locked=\"false\" Priority=\"31\" QFormat=\"true\"\n   Name=\"Subtle Reference\"/>\n  <w:LsdException Locked=\"false\" Priority=\"32\" QFormat=\"true\"\n   Name=\"Intense Reference\"/>\n  <w:LsdException Locked=\"false\" Priority=\"33\" QFormat=\"true\" Name=\"Book Title\"/>\n  <w:LsdException Locked=\"false\" Priority=\"37\" SemiHidden=\"true\"\n   UnhideWhenUsed=\"true\" Name=\"Bibliography\"/>\n  <w:LsdException Locked=\"false\" Priority=\"39\" SemiHidden=\"true\"\n   UnhideWhenUsed=\"true\" QFormat=\"true\" Name=\"TOC Heading\"/>\n  <w:LsdException Locked=\"false\" Priority=\"41\" Name=\"Plain Table 1\"/>\n  <w:LsdException Locked=\"false\" Priority=\"42\" Name=\"Plain Table 2\"/>\n  <w:LsdException Locked=\"false\" Priority=\"43\" Name=\"Plain Table 3\"/>\n  <w:LsdException Locked=\"false\" Priority=\"44\" Name=\"Plain Table 4\"/>\n  <w:LsdException Locked=\"false\" Priority=\"45\" Name=\"Plain Table 5\"/>\n  <w:LsdException Locked=\"false\" Priority=\"40\" Name=\"Grid Table Light\"/>\n  <w:LsdException Locked=\"false\" Priority=\"46\" Name=\"Grid Table 1 Light\"/>\n  <w:LsdException Locked=\"false\" Priority=\"47\" Name=\"Grid Table 2\"/>\n  <w:LsdException Locked=\"false\" Priority=\"48\" Name=\"Grid Table 3\"/>\n  <w:LsdException Locked=\"false\" Priority=\"49\" Name=\"Grid Table 4\"/>\n  <w:LsdException Locked=\"false\" Priority=\"50\" Name=\"Grid Table 5 Dark\"/>\n  <w:LsdException Locked=\"false\" Priority=\"51\" Name=\"Grid Table 6 Colorful\"/>\n  <w:LsdException Locked=\"false\" Priority=\"52\" Name=\"Grid Table 7 Colorful\"/>\n  <w:LsdException Locked=\"false\" Priority=\"46\"\n   Name=\"Grid Table 1 Light Accent 1\"/>\n  <w:LsdException Locked=\"false\" Priority=\"47\" Name=\"Grid Table 2 Accent 1\"/>\n  <w:LsdException Locked=\"false\" Priority=\"48\" Name=\"Grid Table 3 Accent 1\"/>\n  <w:LsdException Locked=\"false\" Priority=\"49\" Name=\"Grid Table 4 Accent 1\"/>\n  <w:LsdException Locked=\"false\" Priority=\"50\" Name=\"Grid Table 5 Dark Accent 1\"/>\n  <w:LsdException Locked=\"false\" Priority=\"51\"\n   Name=\"Grid Table 6 Colorful Accent 1\"/>\n  <w:LsdException Locked=\"false\" Priority=\"52\"\n   Name=\"Grid Table 7 Colorful Accent 1\"/>\n  <w:LsdException Locked=\"false\" Priority=\"46\"\n   Name=\"Grid Table 1 Light Accent 2\"/>\n  <w:LsdException Locked=\"false\" Priority=\"47\" Name=\"Grid Table 2 Accent 2\"/>\n  <w:LsdException Locked=\"false\" Priority=\"48\" Name=\"Grid Table 3 Accent 2\"/>\n  <w:LsdException Locked=\"false\" Priority=\"49\" Name=\"Grid Table 4 Accent 2\"/>\n  <w:LsdException Locked=\"false\" Priority=\"50\" Name=\"Grid Table 5 Dark Accent 2\"/>\n  <w:LsdException Locked=\"false\" Priority=\"51\"\n   Name=\"Grid Table 6 Colorful Accent 2\"/>\n  <w:LsdException Locked=\"false\" Priority=\"52\"\n   Name=\"Grid Table 7 Colorful Accent 2\"/>\n  <w:LsdException Locked=\"false\" Priority=\"46\"\n   Name=\"Grid Table 1 Light Accent 3\"/>\n  <w:LsdException Locked=\"false\" Priority=\"47\" Name=\"Grid Table 2 Accent 3\"/>\n  <w:LsdException Locked=\"false\" Priority=\"48\" Name=\"Grid Table 3 Accent 3\"/>\n  <w:LsdException Locked=\"false\" Priority=\"49\" Name=\"Grid Table 4 Accent 3\"/>\n  <w:LsdException Locked=\"false\" Priority=\"50\" Name=\"Grid Table 5 Dark Accent 3\"/>\n  <w:LsdException Locked=\"false\" Priority=\"51\"\n   Name=\"Grid Table 6 Colorful Accent 3\"/>\n  <w:LsdException Locked=\"false\" Priority=\"52\"\n   Name=\"Grid Table 7 Colorful Accent 3\"/>\n  <w:LsdException Locked=\"false\" Priority=\"46\"\n   Name=\"Grid Table 1 Light Accent 4\"/>\n  <w:LsdException Locked=\"false\" Priority=\"47\" Name=\"Grid Table 2 Accent 4\"/>\n  <w:LsdException Locked=\"false\" Priority=\"48\" Name=\"Grid Table 3 Accent 4\"/>\n  <w:LsdException Locked=\"false\" Priority=\"49\" Name=\"Grid Table 4 Accent 4\"/>\n  <w:LsdException Locked=\"false\" Priority=\"50\" Name=\"Grid Table 5 Dark Accent 4\"/>\n  <w:LsdException Locked=\"false\" Priority=\"51\"\n   Name=\"Grid Table 6 Colorful Accent 4\"/>\n  <w:LsdException Locked=\"false\" Priority=\"52\"\n   Name=\"Grid Table 7 Colorful Accent 4\"/>\n  <w:LsdException Locked=\"false\" Priority=\"46\"\n   Name=\"Grid Table 1 Light Accent 5\"/>\n  <w:LsdException Locked=\"false\" Priority=\"47\" Name=\"Grid Table 2 Accent 5\"/>\n  <w:LsdException Locked=\"false\" Priority=\"48\" Name=\"Grid Table 3 Accent 5\"/>\n  <w:LsdException Locked=\"false\" Priority=\"49\" Name=\"Grid Table 4 Accent 5\"/>\n  <w:LsdException Locked=\"false\" Priority=\"50\" Name=\"Grid Table 5 Dark Accent 5\"/>\n  <w:LsdException Locked=\"false\" Priority=\"51\"\n   Name=\"Grid Table 6 Colorful Accent 5\"/>\n  <w:LsdException Locked=\"false\" Priority=\"52\"\n   Name=\"Grid Table 7 Colorful Accent 5\"/>\n  <w:LsdException Locked=\"false\" Priority=\"46\"\n   Name=\"Grid Table 1 Light Accent 6\"/>\n  <w:LsdException Locked=\"false\" Priority=\"47\" Name=\"Grid Table 2 Accent 6\"/>\n  <w:LsdException Locked=\"false\" Priority=\"48\" Name=\"Grid Table 3 Accent 6\"/>\n  <w:LsdException Locked=\"false\" Priority=\"49\" Name=\"Grid Table 4 Accent 6\"/>\n  <w:LsdException Locked=\"false\" Priority=\"50\" Name=\"Grid Table 5 Dark Accent 6\"/>\n  <w:LsdException Locked=\"false\" Priority=\"51\"\n   Name=\"Grid Table 6 Colorful Accent 6\"/>\n  <w:LsdException Locked=\"false\" Priority=\"52\"\n   Name=\"Grid Table 7 Colorful Accent 6\"/>\n  <w:LsdException Locked=\"false\" Priority=\"46\" Name=\"List Table 1 Light\"/>\n  <w:LsdException Locked=\"false\" Priority=\"47\" Name=\"List Table 2\"/>\n  <w:LsdException Locked=\"false\" Priority=\"48\" Name=\"List Table 3\"/>\n  <w:LsdException Locked=\"false\" Priority=\"49\" Name=\"List Table 4\"/>\n  <w:LsdException Locked=\"false\" Priority=\"50\" Name=\"List Table 5 Dark\"/>\n  <w:LsdException Locked=\"false\" Priority=\"51\" Name=\"List Table 6 Colorful\"/>\n  <w:LsdException Locked=\"false\" Priority=\"52\" Name=\"List Table 7 Colorful\"/>\n  <w:LsdException Locked=\"false\" Priority=\"46\"\n   Name=\"List Table 1 Light Accent 1\"/>\n  <w:LsdException Locked=\"false\" Priority=\"47\" Name=\"List Table 2 Accent 1\"/>\n  <w:LsdException Locked=\"false\" Priority=\"48\" Name=\"List Table 3 Accent 1\"/>\n  <w:LsdException Locked=\"false\" Priority=\"49\" Name=\"List Table 4 Accent 1\"/>\n  <w:LsdException Locked=\"false\" Priority=\"50\" Name=\"List Table 5 Dark Accent 1\"/>\n  <w:LsdException Locked=\"false\" Priority=\"51\"\n   Name=\"List Table 6 Colorful Accent 1\"/>\n  <w:LsdException Locked=\"false\" Priority=\"52\"\n   Name=\"List Table 7 Colorful Accent 1\"/>\n  <w:LsdException Locked=\"false\" Priority=\"46\"\n   Name=\"List Table 1 Light Accent 2\"/>\n  <w:LsdException Locked=\"false\" Priority=\"47\" Name=\"List Table 2 Accent 2\"/>\n  <w:LsdException Locked=\"false\" Priority=\"48\" Name=\"List Table 3 Accent 2\"/>\n  <w:LsdException Locked=\"false\" Priority=\"49\" Name=\"List Table 4 Accent 2\"/>\n  <w:LsdException Locked=\"false\" Priority=\"50\" Name=\"List Table 5 Dark Accent 2\"/>\n  <w:LsdException Locked=\"false\" Priority=\"51\"\n   Name=\"List Table 6 Colorful Accent 2\"/>\n  <w:LsdException Locked=\"false\" Priority=\"52\"\n   Name=\"List Table 7 Colorful Accent 2\"/>\n  <w:LsdException Locked=\"false\" Priority=\"46\"\n   Name=\"List Table 1 Light Accent 3\"/>\n  <w:LsdException Locked=\"false\" Priority=\"47\" Name=\"List Table 2 Accent 3\"/>\n  <w:LsdException Locked=\"false\" Priority=\"48\" Name=\"List Table 3 Accent 3\"/>\n  <w:LsdException Locked=\"false\" Priority=\"49\" Name=\"List Table 4 Accent 3\"/>\n  <w:LsdException Locked=\"false\" Priority=\"50\" Name=\"List Table 5 Dark Accent 3\"/>\n  <w:LsdException Locked=\"false\" Priority=\"51\"\n   Name=\"List Table 6 Colorful Accent 3\"/>\n  <w:LsdException Locked=\"false\" Priority=\"52\"\n   Name=\"List Table 7 Colorful Accent 3\"/>\n  <w:LsdException Locked=\"false\" Priority=\"46\"\n   Name=\"List Table 1 Light Accent 4\"/>\n  <w:LsdException Locked=\"false\" Priority=\"47\" Name=\"List Table 2 Accent 4\"/>\n  <w:LsdException Locked=\"false\" Priority=\"48\" Name=\"List Table 3 Accent 4\"/>\n  <w:LsdException Locked=\"false\" Priority=\"49\" Name=\"List Table 4 Accent 4\"/>\n  <w:LsdException Locked=\"false\" Priority=\"50\" Name=\"List Table 5 Dark Accent 4\"/>\n  <w:LsdException Locked=\"false\" Priority=\"51\"\n   Name=\"List Table 6 Colorful Accent 4\"/>\n  <w:LsdException Locked=\"false\" Priority=\"52\"\n   Name=\"List Table 7 Colorful Accent 4\"/>\n  <w:LsdException Locked=\"false\" Priority=\"46\"\n   Name=\"List Table 1 Light Accent 5\"/>\n  <w:LsdException Locked=\"false\" Priority=\"47\" Name=\"List Table 2 Accent 5\"/>\n  <w:LsdException Locked=\"false\" Priority=\"48\" Name=\"List Table 3 Accent 5\"/>\n  <w:LsdException Locked=\"false\" Priority=\"49\" Name=\"List Table 4 Accent 5\"/>\n  <w:LsdException Locked=\"false\" Priority=\"50\" Name=\"List Table 5 Dark Accent 5\"/>\n  <w:LsdException Locked=\"false\" Priority=\"51\"\n   Name=\"List Table 6 Colorful Accent 5\"/>\n  <w:LsdException Locked=\"false\" Priority=\"52\"\n   Name=\"List Table 7 Colorful Accent 5\"/>\n  <w:LsdException Locked=\"false\" Priority=\"46\"\n   Name=\"List Table 1 Light Accent 6\"/>\n  <w:LsdException Locked=\"false\" Priority=\"47\" Name=\"List Table 2 Accent 6\"/>\n  <w:LsdException Locked=\"false\" Priority=\"48\" Name=\"List Table 3 Accent 6\"/>\n  <w:LsdException Locked=\"false\" Priority=\"49\" Name=\"List Table 4 Accent 6\"/>\n  <w:LsdException Locked=\"false\" Priority=\"50\" Name=\"List Table 5 Dark Accent 6\"/>\n  <w:LsdException Locked=\"false\" Priority=\"51\"\n   Name=\"List Table 6 Colorful Accent 6\"/>\n  <w:LsdException Locked=\"false\" Priority=\"52\"\n   Name=\"List Table 7 Colorful Accent 6\"/>\n </w:LatentStyles>\n</xml><![endif]--><!-- [if gte mso 10]>\n<style>\n /* Style Definitions */\n table.MsoNormalTable\n\t{mso-style-name:\"Tableau Normal\";\n\tmso-tstyle-rowband-size:0;\n\tmso-tstyle-colband-size:0;\n\tmso-style-noshow:yes;\n\tmso-style-priority:99;\n\tmso-style-parent:\"\";\n\tmso-padding-alt:0cm 5.4pt 0cm 5.4pt;\n\tmso-para-margin-top:0cm;\n\tmso-para-margin-right:0cm;\n\tmso-para-margin-bottom:8.0pt;\n\tmso-para-margin-left:0cm;\n\tline-height:107%;\n\tmso-pagination:widow-orphan;\n\tfont-size:11.0pt;\n\tfont-family:\"Calibri\",sans-serif;\n\tmso-ascii-font-family:Calibri;\n\tmso-ascii-theme-font:minor-latin;\n\tmso-hansi-font-family:Calibri;\n\tmso-hansi-theme-font:minor-latin;\n\tmso-bidi-font-family:Calibri;\n\tmso-bidi-theme-font:minor-latin;\n\tmso-ansi-language:EN-GB;\n\tmso-fareast-language:EN-US;}\n</style>\n<![endif]--></em>",
                  "active": true
                },
                {
                  "id": 212,
                  "title": "sections.2.items.1.questions.2.title",
                  "short_title": "sections.2.items.1.questions.2.short_title",
                  "link_knowledge_base": ["PIA_LGL_FOND"],
                  "placeholder": "sections.2.items.1.questions.2.placeholder",
                  "answer_type": "text",
                  "answer": "<strong>Describe the legal basis for the lawfulness of the processing.</strong><br /><br /><em><span style=\"text-decoration: underline;\">Note</span>: where processing is carried out in accordance with a legal obligation or where processing is necessary for the performance of a task carried out in the public interest or in the exercise of official authority, clarify in the justification the legal basis for the processing in Union law or the law of the Member State to which the controller is subject.</em><br /><br /><em><span style=\"text-decoration: underline;\">Note</span>: there can be several types of basis for a processing operation: for example, a contract associated with the purchase of a product for using it for its primary purpose and consent for its secondary purposes (improving the service, marketing, etc.) which will be obtained when the product is activated.</em><br /><br /><em><span style=\"text-decoration: underline;\">NB</span>: Where the processing for a purpose other than that for which the personal data have been collected is not based on the data subject's consent or on a Union or Member State law, the controller shall, in order to ascertain whether processing for another purpose is compatible with the purpose for which the personal data are initially collected, take into account, inter alia:</em><br />\n<div style=\"padding-left: 30px;\"><em>- any link between the purposes for which the personal data have been collected and the purposes of the intended further processing;</em></div>\n<div style=\"padding-left: 30px;\"><em>- the context in which the personal data have been collected, in particular regarding the relationship between data subjects and the controller;</em></div>\n<div style=\"padding-left: 30px;\"><em>- the nature of the personal data, in particular whether special categories of personal data are processed, or whether personal data related to criminal convictions and offences are processed ;</em></div>\n<div style=\"padding-left: 30px;\"><em>- the possible consequences of the intended further processing for data subjects;</em></div>\n<div style=\"padding-left: 30px;\"><em>- the existence of appropriate safeguards, which may include encryption or pseudonymization.</em></div>",
                  "active": true
                },
                {
                  "id": 213,
                  "title": "sections.2.items.1.questions.3.title",
                  "short_title": "sections.2.items.1.questions.3.short_title",
                  "link_knowledge_base": [
                    "PIA_LGL_MINI",
                    "PIA_DEF_MINC",
                    "PIA_DEF_MIND"
                  ],
                  "placeholder": "sections.2.items.1.questions.3.placeholder",
                  "answer_type": "text",
                  "answer": "It is important to reduce the severity of the risks by minimizing the number of personal data that will be processed, by limiting such data to what is strictly necessary for the purposes for which they are processed (otherwise they should not be collected). Then, it also becomes possible to minimize the data themselves, via controls aimed at reducing their sensitivity.<br /><br /><strong>Present a detailed list of the data processed, reduced to what is strictly necessary, alongside the justification of the need and any additional minimization controls. </strong><br /><br />For example:<br />\n<ol>\n<li><span style=\"text-decoration: underline;\"><strong>Common data</strong></span></li>\n</ol>\n<em><strong>Civil status, identity, identification data:</strong></em><br />\n<ul>\n<li><strong>Details</strong>: First name, date of birth, email, telephone number, link with a social media account</li>\n<li><strong>Justification</strong>: details necessary for creating a profile for communicating</li>\n<li><strong>Minimization controls</strong>:<strong><br /></strong>\n<ul>\n<li>No surname</li>\n<li>Replacing the date of birth with the age or age group</li>\n<li>Separate storage of identifying data in an encrypted base</li>\n</ul>\n</li>\n</ul>\n<em><strong>Personal life</strong> (living habits, marital status, excluding sensitive or dangerous data, etc.):</em><br />\n<ul>\n<li><strong>Details</strong>: Texts/messages, sounds, images, movements, temperature, humidity, answers to children's questions and identification of interests to help make answers more relevant, targeted advertising</li>\n<li><strong>Justification</strong>: Aspects that are part of the communication features</li>\n<li><strong>Minimization controls</strong>: No</li>\n</ul>\n<em><strong>Professional life</strong> (résumé, education and professional training, awards, etc.):</em> Not collected<br /><br /><em><strong>Economic and financial information</strong> (income, financial situation, tax situation, etc.):</em> Non collectées<br /><br /><em><strong>Connection data</strong> (IP addresses, events logs, etc.):</em><br />\n<ul>\n<li><strong>Details</strong>: Application traces, technical logs</li>\n<li><strong>Justification</strong>: Required for security reasons and to check compliance with the ST&amp;Cs</li>\n<li><strong>Minimization controls</strong>:<br />\n<ul>\n<li>Pseudonymization for statistical use</li>\n</ul>\n</li>\n</ul>\n<em><strong>Location data</strong> (travels, GPS data, GSM data, etc.):</em><br />\n<ul>\n<li><strong>Details</strong>: Smartphone location integrated in the photos (if option is activated)</li>\n<li><strong>Justification</strong>: not necessary</li>\n<li><strong>Minimization controls</strong>:<br />\n<ul>\n<li>Removal of location information before photos are sent</li>\n</ul>\n</li>\n</ul>\n<div style=\"padding-left: 30px;\"><br />2. <span style=\"text-decoration: underline;\"><strong>Data perceived as sensitive</strong></span></div>\n<br /><em><strong>Social security number</strong>:</em> Not collected<br /><br /><em><strong>Biometric data:</strong></em><br />\n<ul>\n<li><strong>Details</strong>: Raw data, voice and photographs</li>\n<li><strong>Justification</strong>: Aspects that are part of the communication features</li>\n<li><strong>Minimization controls</strong>: No</li>\n</ul>\n<em><strong>Bank data</strong></em>: Not collected\n<div style=\"padding-left: 30px;\"><br />3. <strong><span style=\"text-decoration: underline;\">Sensitive data<br /></span></strong></div>\n<br /><em><strong>Opinions bearing on philosophy, politics, religion, trade union involvement, sexuality, health data, racial or ethnic origin, data concerning health or sexuality:</strong></em><br />\n<ul>\n<li><strong>Details</strong>: Not collected but can appear directly or indirectly in the text, audio and video data</li>\n<li><strong>Justification</strong>: Aspects that are part of the communication features</li>\n<li><strong>Minimization controls</strong>: No</li>\n</ul>\n<em><strong>Offences, convictions, security measures</strong>:</em> Not collected<br /><br /><br /><em><span style=\"text-decoration: underline;\">Notes</span>: remember to clearly justify the collection of certain data (location, date of birth, age, weight, etc.) and clearly distinguish between anonymous and pseudonymous data.<span style=\"text-decoration: underline;\"><br /><br />Tip</span>: avoid free text input fields (like \"comments\" fields), because of the risk of users noting down there information that does not comply with the minimization principles. Preference should therefore be given to scroll-down list type fields. If free-form text fields cannot be avoided, users' awareness must be raised in how to use such fields, with regard to the standard terms &amp; conditions for service and the law (no offensive words, no undeclared sensitive data, etc.). <br /></em><br /><em><span style=\"text-decoration: underline;\">NB</span>: for processing of minors' details, the data are considered overall to be sensitive pursuant to the GDPR.<span style=\"text-decoration: underline;\"><br /><br />NB</span>: on account of a child's general vulnerability and the fact that personal data must be processed fairly and lawfully, the controllers of a processing operation targeting children must comply even more strictly with the principles of data minimization and purpose limitation. <br />The data controllers should also specifically refrain from any collection of data relating to the parents or family members of the child user, such as financial information or information about special categories of information, such as medical data.<span style=\"text-decoration: underline;\"><br /></span></em>",
                  "active": true
                },
                {
                  "id": 214,
                  "title": "sections.2.items.1.questions.4.title",
                  "short_title": "sections.2.items.1.questions.4.short_title",
                  "link_knowledge_base": ["PIA_DEF_EXA"],
                  "placeholder": "sections.2.items.1.questions.4.placeholder",
                  "answer_type": "text",
                  "answer": "<strong>Set out in detail the data quality compliance controls, carried out on the device, the mobile app and the personal account, as well as a justification on the arrangements for or impossibility of implementing them.</strong><br /><br />Especially:<br />\n<ul>\n<li>Regular checks of the accuracy of the user's personal data</li>\n<li>Invitation for the user to check and, where necessary, update his or her data</li>\n<li>Traceability of data amendments</li>\n</ul>",
                  "active": true
                },
                {
                  "id": 215,
                  "title": "sections.2.items.1.questions.5.title",
                  "short_title": "sections.2.items.1.questions.5.short_title",
                  "link_knowledge_base": ["PIA_LGL_DUR"],
                  "placeholder": "sections.2.items.1.questions.5.placeholder",
                  "answer_type": "text",
                  "answer": "A storage duration must be defined for each type of data and justified by the legal requirements and/or processing needs. Thus a distinction is made between common data and archived data, to which access will be limited to only the stakeholders concerned. <br />An erasure mechanism must be implemented to archive common data or purge archived data at the end of their storage duration. Functional traces will also have to be purged, as will technical logs which may not be stored indefinitely.<br /><br /><strong>Set out in detail, for each data type (common data, archived data, functional traces, technical logs):</strong><br />\n<ol>\n<li><strong>the storage durations,</strong></li>\n<li><strong>the justification of the storage durations,<br /></strong></li>\n<li><strong>the purge mechanisms at the end of the storage.</strong></li>\n</ol>\n<br /><em><span style=\"text-decoration: underline;\">Notes</span>: By reducing the amount of available and processed data, archiving and purging help to limit the impacts in the event of theft or accidental dissemination of the database.<br />In order to ensure that these storage durations are effective, it is recommended to set up an automatic mechanism based on the date on which the data are created or last used. <br /><span style=\"text-decoration: underline;\"><br />NB</span>: For sensitive data and high-risk data, use should be made of secure erasure tools that make the data irretrievable. <span style=\"text-decoration: underline;\"><br /></span></em>",
                  "active": true
                }
              ]
            },
            {
              "id": 2,
              "title": "sections.2.items.2.title",
              "evaluation_mode": "question",
              "short_help": "sections.2.items.2.short_help",
              "questions": [
                {
                  "id": 221,
                  "title": "sections.2.items.2.questions.1.title",
                  "short_title": "sections.2.items.2.questions.1.short_title",
                  "link_knowledge_base": ["PIA_LGL_INFO"],
                  "placeholder": "sections.2.items.2.questions.1.placeholder",
                  "answer_type": "text",
                  "answer": "<strong>Describe the controls intended to provide information to users (or their parents) alongside the </strong><strong><strong>justification of the arrangements for, or the impossibility of, or the exemption from implementing them </strong>on the device, mobile app and personal account.<br /></strong><br />Especially:<br />\n<ul>\n<li>Presentation, when the device is activated, of the terms &amp; conditions for use/confidentiality</li>\n<li>Possibility of accessing the terms &amp; conditions for use/confidentiality after activation</li>\n<li>Legible and easy-to-understand terms</li>\n<li>Existence of clauses specific to the device</li>\n<li>Detailed presentation of the data processing purposes (specified objectives, data matching where applicable, etc.)</li>\n<li>Detailed presentation of the personal data collected</li>\n<li>Presentation of any access to the identifiers of the device, the smartphone/tablet or computer, specifying whether these identifiers are communicated to third parties</li>\n<li>Presentation of the user's rights (consent withdrawal, data erasure, etc.)</li>\n<li>Information for the user if the app is likely to run in the background</li>\n<li>Information on the secure data storage method, particularly in the event of sourcing</li>\n<li>Information on protection of access to the device</li>\n<li>Arrangements for contacting the company (identity and contact details) about confidentiality issues</li>\n<li>Information on the possibility of defining directives concerning the post-mortem fate of data</li>\n<li>Where applicable, information for the user on any change concerning the data collected, the purposes and confidentiality clauses</li>\n</ul>\nAnd, regarding transmission of data to third parties:<br />\n<ul>\n<li>detailed presentation of the purposes of transmission to third parties</li>\n<li>detailed presentation of the personal data transmitted</li>\n<li>indication of the identity of third-party bodies</li>\n</ul>\n<br /><em><span style=\"text-decoration: underline;\">NB</span>: in the event that data are transmitted to third-party bodies in relation to the data controller (subsidiaries, members, intra-group, partners, etc.), it is necessary to supply the list of recipients (in a dedicated information section), clarifying the data categories transmitted and the transfer purpose, and providing a hyperlink to the data protection policy of the respective recipients. An internal process must also be planned so as to be able to update this list in the event of changes. <br /><br /><span style=\"text-decoration: underline;\">NB</span>: app developers, in collaboration with app stores and operating system and device manufacturers, should present the relevant information in a simple manner, in age specific language adapted to young children &ndash; possibly via a sound message.<br /><br /><span style=\"text-decoration: underline;\">Recommendation</span>: place an information &ldquo;QR Code\" on the device and make the users (or their parents) aware of their responsibility to inform third parties that their data are likely to be collected (e.g. the other children conversing with the device or featured on the shared photos).<br /></em>",
                  "active": true
                },
                {
                  "id": 222,
                  "title": "sections.2.items.2.questions.2.title",
                  "short_title": "sections.2.items.2.questions.2.short_title",
                  "link_knowledge_base": ["PIA_LGL_CONS", "PIA_DEF_CONS"],
                  "placeholder": "sections.2.items.2.questions.2.placeholder",
                  "answer_type": "text",
                  "answer": "Where processing is based on consent, the controller shall be able to demonstrate that the data subject has consented. The data subject must be able to withdraw his/her consent easily at any time.<br /><br /><strong>Where the lawfulness of the processing&nbsp; is based on consent, describe the controls intended to ensure that users' (or their parents') consent has been obtained, that there has been a reminder and confirmation of their consent, and the settings associated with the latter have been maintained, alongside the justification of the arrangements for, or the impossibility of, implementing them on the device, mobile app and personal account.</strong><br /><br />Especially:<br />\n<ul>\n<li>Express consent during activation</li>\n<li>Consent segmented per data category or processing type</li>\n<li>Express consent prior to sharing data with other users</li>\n<li>Consent presented in an intelligible and easily accessible form, using clear and plain language adapted to the target user (particularly for children)</li>\n<li>Obtaining parents' consent for minors under 13 years of age</li>\n<li>For each new user, consent must once again be obtained</li>\n<li>After a long period without use, the user must be asked to confirm his/her consent</li>\n<li>Where the user has consented to the processing of special data (e.g. his/her location), the interface clearly indicates that said processing takes place (icon, light)</li>\n<li>Where the user changes device, smartphone or computer, reinstalls the mobile app or deletes his/her cookies, the settings associated with his/her consent are maintained</li>\n</ul>\n<br /><em><span style=\"text-decoration: underline;\">NB</span>: the GDPR has strengthened the legal basis regarding consent for any direct provision of information society services to minors, and the burden of proof (unambiguous) lies with the data controller or processor. </em><br /><em>In practice, the consent of the holder of parental responsibility is required for children under 16 years of age, with Member States able to determine a lower age, as long as this is not below 13 years of age. The data controller must make reasonable efforts to check that the holder of parental responsibility has indeed consented, in view of the technological means available.</em><br /><br /><em><span style=\"text-decoration: underline;\">NB</span>: When consent can legally be obtained from a minor, and the app is intended to be used by a child or a minor, the data controller should pay attention to the minor&rsquo;s potentially limited understanding of and attention for information about data processing. </em><br /><em>App developers, in collaboration with app stores and operating system and device manufacturers, should present the relevant information in a simple manner, in age specific language.</em>",
                  "active": true
                },
                {
                  "id": 223,
                  "title": "sections.2.items.2.questions.3.title",
                  "short_title": "sections.2.items.2.questions.1.short_title",
                  "link_knowledge_base": [
                    "PIA_LGL_ACC",
                    "PIA_LGL_PORT",
                    "PIA_DEF_ACC",
                    "PIA_DEF_PORT"
                  ],
                  "placeholder": "sections.2.items.2.questions.3.placeholder",
                  "answer_type": "text",
                  "answer": "<strong>Describe the controls intended to ensure users' (or their parents') right of access to all personal data concerning them, alongside the justification of the arrangements for, or the impossibility of, or the exemption from implementing them on the device, mobile app and personal account.<br /><br /></strong>Especially:<br /><br /><strong><em>Right of access:</em></strong><br />\n<ul>\n<li>Possibility of accessing all of the user's personal data, via the common interfaces</li>\n<li>Possibility of securely consulting the traces of use associated with the user</li>\n<li>Possibility of downloading an archive of all the personal data associated with the user</li>\n</ul>\n<strong><em>Right to data portability:</em></strong><br />\n<ul>\n<li>Possibility of retrieving, in an easily reusable format, personal data provided by the user, so as to transfer them to another service</li>\n</ul>",
                  "active": true
                },
                {
                  "id": 224,
                  "title": "sections.2.items.2.questions.4.title",
                  "short_title": "sections.2.items.2.questions.4.short_title",
                  "link_knowledge_base": [
                    "PIA_LGL_EFF",
                    "PIA_LGL_RECT",
                    "PIA_DEF_EFF",
                    "PIA_DEF_RECT"
                  ],
                  "placeholder": "sections.2.items.2.questions.4.placeholder",
                  "answer_type": "text",
                  "answer": "<strong>Describe the controls intended to ensure the right to rectification or erasure of data of users (or their parents) who request this, alongside the justification of the arrangements for, or the impossibility of, or the exemption from implementing them on the device, mobile app and personal account.</strong><br /><br />Especially:<br />\n<ul>\n<li>Possibility of rectifying personal data</li>\n<li>Possibility of erasing personal data</li>\n<li>Indication of the personal data that will nevertheless be stored (technical requirements, legal obligations, etc.)</li>\n<li>Implementing the right to be forgotten for minors</li>\n<li>Clear indications and simple steps for erasing data before scrapping the device</li>\n<li>Advice given about resetting the device before selling it</li>\n<li>Possibility of erasing the data in the event the device is stolen</li>\n</ul>\n<br /><em><span style=\"text-decoration: underline;\">NB</span>: The data controller has one month in which to erase the data or respond to the data subject; beyond this time limit, the data subject can refer the case to its Data Protection Authority (the CNIL in France). There are exceptions, particularly in the event the information published is necessary for the freedom of information, on the grounds of public interest or to comply with a legal obligation.<br />An Internet user under 18 years of age at the time of publication or creation of an online account can directly and without the need for an explanation, ask the website to erase data concerning him/her at the earliest possible opportunity.<span style=\"text-decoration: underline;\"><br /></span></em>",
                  "active": true
                },
                {
                  "id": 225,
                  "title": "sections.2.items.2.questions.5.title",
                  "short_title": "sections.2.items.2.questions.5.short_title",
                  "link_knowledge_base": [
                    "PIA_LGL_LIM",
                    "PIA_DEF_LIM",
                    "PIA_DEF_OPP"
                  ],
                  "placeholder": "sections.2.items.2.questions.5.placeholder",
                  "answer_type": "text",
                  "answer": "<strong>Describe the controls intended to ensure the right to object and to restriction either concerning the different purposes or the whole of a processing operation, alongside the justification of the arrangements for, or the impossibility of, or the exemption from implementing them on the device, mobile app and personal account.</strong><br /><br />Especially:<br />\n<ul>\n<li>Existence of \"Privacy\" settings</li>\n<li>Invitation to change the default settings</li>\n<li>\"Privacy\" settings accessible when activating the device</li>\n<li>\"Privacy\" settings accessible after activating the device</li>\n<li>Existence of a parental control system for children under 13 years of age</li>\n<li>Existence of a system allowing the user to ask for the processing to be restricted</li>\n<li>Existence of technical means for the data controller to lock access to and use of the data subject to the restriction&nbsp;</li>\n<li>Possibility of deactivating some of the device's features (microphone, Web browser, etc.)</li>\n<li>Existence of alternative apps for accessing the device</li>\n<li>Possibility of objecting to the mobile app running in the background</li>\n<li>Compliance in terms of tracking (cookies, advertising, etc.)</li>\n<li>Exclusion of children under 13 years of age from automated profiling</li>\n<li>Effective exclusion of processing the user's data in the event consent is withdrawn</li>\n</ul>\n<br /><em><span style=\"text-decoration: underline;\">Note</span>: the right to restriction allows the data subject to call for processing of his/her data to be &ldquo;frozen&rdquo;, as a protective control while its legitimacy is being checked, for example. <span style=\"text-decoration: underline;\"><br /></span></em>",
                  "active": true
                },
                {
                  "id": 226,
                  "title": "sections.2.items.2.questions.6.title",
                  "short_title": "sections.2.items.2.questions.6.short_title",
                  "link_knowledge_base": ["PIA_LGL_ST", "PIA_DEF_ST"],
                  "placeholder": "sections.2.items.2.questions.6.placeholder",
                  "answer_type": "text",
                  "answer": "A processing contract must be signed with each processor, setting out all of the aspects stipulated in Art. 28 of the GDPR (duration, scope, purpose, documented processing instructions, prior authorization where a processor is engaged, provision of any documentation providing evidence of compliance with the GDPR, prompt notification of any data breach, etc.).<br /><br /><strong>Set out in detail the contracts for each of the processors :</strong> <br />\n<ol>\n<li><strong>Processor's name</strong></li>\n<li><strong>Purpose</strong></li>\n<li><strong>Scope</strong></li>\n<li><strong>Contract reference</strong></li>\n<li><strong>Compliance with Art.28</strong></li>\n</ol>",
                  "active": true
                },
                {
                  "id": 227,
                  "title": "sections.2.items.2.questions.7.title",
                  "short_title": "sections.2.items.2.questions.7.short_title",
                  "link_knowledge_base": ["PIA_LGL_TRAN"],
                  "placeholder": "sections.2.items.2.questions.7.placeholder",
                  "answer_type": "text",
                  "answer": "<strong>Set out in detail the geographic storage location of the device, mobile app and personal account data in the cloud, alongside justification of the choice of remote hosting and indication of the legal supervision arrangements implemented in order to ensure adequate protection of the data:</strong><br />\n<ol>\n<li><strong>Country</strong>: France /European Union /Country recognized as providing adequate protection by the EU /Other country</li>\n<li><strong>Justification and supervision in case of a cross-border transfer: </strong>standard contractual clauses /internal corporate regulations</li>\n</ol>",
                  "active": true
                }
              ]
            }
          ]
        },
        {
          "id": 3,
          "title": "sections.3.title",
          "short_help": "sections.3.short_help",
          "items": [
            {
              "id": 1,
              "is_measure": true,
              "filter_by": "measure",
              "title": "sections.3.items.1.title",
              "link_knowledge_base": [],
              "evaluation_mode": "question",
              "short_help": "sections.3.items.1.short_help",
              "answers": [
                {
                  "title": "[ Notes regarding security measures ]",
                  "content": "<strong>The security control categories </strong>(on the right)<strong> correspond to the CNIL's recommended good practices . <br /><br />You will also need to take account of the sector-specific standards applicable to your processing&nbsp; (general security policy, PIA Framework, code of conduct, etc.).<br /></strong><br /><em><span style=\"text-decoration: underline;\">Notes</span>: regarding encryption, think about:</em>\n<div style=\"padding-left: 30px;\"><em>- Wi-Fi security (encryption, Wi-Fi password storage);</em></div>\n<div style=\"padding-left: 30px;\"><em>- securing the certificates stored on the device or smartphone, used for authenticating and encrypting connections.</em></div>\n<br style=\"text-decoration: underline;\" /><em><span style=\"text-decoration: underline;\">Note</span>: regarding anomymization, remember to clearly distinguish between anonymous and pseudonymous data.</em><br /><br /><em><span style=\"text-decoration: underline;\">Note</span>: regarding logical access control, think about</em><em>:</em><br />\n<div style=\"padding-left: 30px;\"><em>- the security of the user's password, whether on the device, smartphone or in the cloud. Passwords must be stored properly hashed by a robust algorithm with a salt applied beforehand;<br />- protecting access to the app on the smartphone with a specific password;<br />- securing peering between the device, mobile app and personal account;<br />- protecting the data, including metadata (including Exif) and technical traces in the event of direct access via physical connection to the device or smartphone.<br /></em></div>\n<br /><em><span style=\"text-decoration: underline;\">Note</span>: regarding operating security, think about the possibilities of updating the device.</em>"
                }
              ]
            },
            {
              "id": 2,
              "title": "sections.3.items.2.title",
              "evaluation_mode": "item",
              "evaluation_with_gauge": true,
              "short_help": "sections.3.items.2.short_help",
              "questions": [
                {
                  "id": 321,
                  "title": "sections.3.items.2.questions.1.title",
                  "link_knowledge_base": ["PIA_DEF_ACCI", "PIA_DEF_IMP"],
                  "placeholder": "sections.3.items.2.questions.1.placeholder",
                  "answer_type": "list",
                  "active": true
                },
                {
                  "id": 322,
                  "title": "sections.3.items.2.questions.2.title",
                  "link_knowledge_base": [
                    "PIA_DEF_ACCI",
                    "PIA_DEF_MEN",
                    "PIA_EX_MENA",
                    "PIA_EX_MENM",
                    "PIA_EX_MENI"
                  ],
                  "placeholder": "sections.3.items.2.questions.2.placeholder",
                  "answer_type": "list",
                  "active": true
                },
                {
                  "id": 323,
                  "title": "sections.3.items.2.questions.3.title",
                  "link_knowledge_base": [
                    "PIA_DEF_ACCI",
                    "PIA_DEF_SRC",
                    "PIA_EX_HUMI",
                    "PIA_EX_HUME",
                    "PIA_EX_NHUM"
                  ],
                  "placeholder": "sections.3.items.2.questions.3.placeholder",
                  "answer_type": "list",
                  "active": true
                },
                {
                  "id": 324,
                  "title": "sections.3.items.2.questions.4.title",
                  "is_measure": true,
                  "link_knowledge_base": ["PIA_DEF_ACCI", "PIA_DEF_MES"],
                  "placeholder": "sections.3.items.2.questions.4.placeholder",
                  "answer_type": "list",
                  "active": true
                },
                {
                  "id": 325,
                  "title": "sections.3.items.2.questions.5.title",
                  "link_knowledge_base": [
                    "PIA_DEF_ACCI",
                    "PIA_DEF_IMP",
                    "PIA_DEF_GRV",
                    "PIA_EX_IMPN",
                    "PIA_EX_IMPL",
                    "PIA_EX_IMPI",
                    "PIA_EX_IMPM"
                  ],
                  "placeholder": "sections.3.items.2.questions.5.placeholder",
                  "answer_type": "gauge",
                  "cartography": "risk-access_x",
                  "active": true
                },
                {
                  "id": 326,
                  "title": "sections.3.items.2.questions.6.title",
                  "link_knowledge_base": [
                    "PIA_DEF_ACCI",
                    "PIA_DEF_VRA",
                    "PIA_EX_VRAN",
                    "PIA_EX_VRAL",
                    "PIA_EX_VRAI",
                    "PIA_EX_VRAM"
                  ],
                  "placeholder": "sections.3.items.2.questions.6.placeholder",
                  "answer_type": "gauge",
                  "cartography": "risk-access_y",
                  "active": true
                }
              ]
            },
            {
              "id": 3,
              "title": "sections.3.items.3.title",
              "evaluation_mode": "item",
              "evaluation_with_gauge": true,
              "short_help": "sections.3.items.3.short_help",
              "questions": [
                {
                  "id": 331,
                  "title": "sections.3.items.3.questions.1.title",
                  "link_knowledge_base": ["PIA_DEF_MODI", "PIA_DEF_IMP"],
                  "placeholder": "sections.3.items.3.questions.1.placeholder",
                  "answer_type": "list",
                  "active": true
                },
                {
                  "id": 332,
                  "title": "sections.3.items.3.questions.2.title",
                  "link_knowledge_base": [
                    "PIA_DEF_MODI",
                    "PIA_DEF_MEN",
                    "PIA_EX_MENA",
                    "PIA_EX_MENM",
                    "PIA_EX_MENI"
                  ],
                  "placeholder": "sections.3.items.3.questions.2.placeholder",
                  "answer_type": "list",
                  "active": true
                },
                {
                  "id": 333,
                  "title": "sections.3.items.3.questions.3.title",
                  "link_knowledge_base": [
                    "PIA_DEF_MODI",
                    "PIA_DEF_SRC",
                    "PIA_EX_HUMI",
                    "PIA_EX_HUME",
                    "PIA_EX_NHUM"
                  ],
                  "placeholder": "sections.3.items.3.questions.3.placeholder",
                  "answer_type": "list",
                  "active": true
                },
                {
                  "id": 334,
                  "title": "sections.3.items.3.questions.4.title",
                  "is_measure": true,
                  "link_knowledge_base": ["PIA_DEF_MODI", "PIA_DEF_MES"],
                  "placeholder": "sections.3.items.3.questions.4.placeholder",
                  "answer_type": "list",
                  "active": true
                },
                {
                  "id": 335,
                  "title": "sections.3.items.3.questions.5.title",
                  "link_knowledge_base": [
                    "PIA_DEF_MODI",
                    "PIA_DEF_GRV",
                    "PIA_DEF_IMP",
                    "PIA_EX_IMPN",
                    "PIA_EX_IMPL",
                    "PIA_EX_IMPI",
                    "PIA_EX_IMPM"
                  ],
                  "placeholder": "sections.3.items.3.questions.5.placeholder",
                  "answer_type": "gauge",
                  "cartography": "risk-change_x",
                  "active": true
                },
                {
                  "id": 336,
                  "title": "sections.3.items.3.questions.6.title",
                  "link_knowledge_base": [
                    "PIA_DEF_MODI",
                    "PIA_DEF_VRA",
                    "PIA_EX_VRAN",
                    "PIA_EX_VRAL",
                    "PIA_EX_VRAI",
                    "PIA_EX_VRAM"
                  ],
                  "placeholder": "sections.3.items.3.questions.6.placeholder",
                  "answer_type": "gauge",
                  "cartography": "risk-change_y",
                  "active": true
                }
              ]
            },
            {
              "id": 4,
              "title": "sections.3.items.4.title",
              "evaluation_mode": "item",
              "evaluation_with_gauge": true,
              "short_help": "sections.3.items.4.short_help",
              "questions": [
                {
                  "id": 341,
                  "title": "sections.3.items.4.questions.1.title",
                  "link_knowledge_base": ["PIA_DEF_IND", "PIA_DEF_IMP"],
                  "placeholder": "sections.3.items.4.questions.1.placeholder",
                  "answer_type": "list",
                  "active": true
                },
                {
                  "id": 342,
                  "title": "sections.3.items.4.questions.2.title",
                  "link_knowledge_base": [
                    "PIA_DEF_IND",
                    "PIA_DEF_MEN",
                    "PIA_EX_MENA",
                    "PIA_EX_MENM",
                    "PIA_EX_MENI"
                  ],
                  "placeholder": "sections.3.items.4.questions.2.placeholder",
                  "answer_type": "list",
                  "active": true
                },
                {
                  "id": 343,
                  "title": "sections.3.items.4.questions.3.title",
                  "link_knowledge_base": [
                    "PIA_DEF_IND",
                    "PIA_DEF_SRC",
                    "PIA_EX_HUMI",
                    "PIA_EX_HUME",
                    "PIA_EX_NHUM"
                  ],
                  "placeholder": "sections.3.items.4.questions.3.placeholder",
                  "answer_type": "list",
                  "active": true
                },
                {
                  "id": 344,
                  "title": "sections.3.items.4.questions.4.title",
                  "is_measure": true,
                  "link_knowledge_base": ["PIA_DEF_IND", "PIA_DEF_MES"],
                  "placeholder": "sections.3.items.4.questions.4.placeholder",
                  "answer_type": "list",
                  "active": true
                },
                {
                  "id": 345,
                  "title": "sections.3.items.4.questions.5.title",
                  "link_knowledge_base": [
                    "PIA_DEF_IND",
                    "PIA_DEF_GRV",
                    "PIA_DEF_IMP",
                    "PIA_EX_IMPN",
                    "PIA_EX_IMPL",
                    "PIA_EX_IMPI",
                    "PIA_EX_IMPM"
                  ],
                  "placeholder": "sections.3.items.4.questions.5.placeholder",
                  "answer_type": "gauge",
                  "cartography": "risk-disappearance_x",
                  "active": true
                },
                {
                  "id": 346,
                  "title": "sections.3.items.4.questions.6.title",
                  "link_knowledge_base": [
                    "PIA_DEF_IND",
                    "PIA_DEF_VRA",
                    "PIA_EX_VRAN",
                    "PIA_EX_VRAL",
                    "PIA_EX_VRAI",
                    "PIA_EX_VRAM"
                  ],
                  "placeholder": "sections.3.items.4.questions.6.placeholder",
                  "answer_type": "gauge",
                  "cartography": "risk-disappearance_y",
                  "active": true
                }
              ]
            },
            {
              "id": 5,
              "title": "sections.3.items.5.title",
              "evaluation_mode": "",
              "short_help": "sections.3.items.5.short_help",
              "type": ""
            }
          ]
        },
        {
          "id": 4,
          "title": "sections.4.title",
          "short_help": "sections.4.short_help",
          "items": [
            {
              "id": 1,
              "title": "sections.4.items.1.title",
              "evaluation_mode": "",
              "link_knowledge_base": ["PIA_VAL_CART"],
              "short_help": "sections.4.items.1.short_help"
            },
            {
              "id": 2,
              "title": "sections.4.items.2.title",
              "evaluation_mode": "",
              "link_knowledge_base": ["PIA_VAL_ACT"],
              "short_help": "sections.4.items.2.short_help"
            },
            {
              "id": 3,
              "title": "sections.4.items.3.title",
              "evaluation_mode": "",
              "link_knowledge_base": [
                "PIA_VAL_DPO",
                "PIA_VAL_CONC",
                "PIA_VAL_RT"
              ],
              "short_help": "sections.4.items.3.short_help"
            },
            {
              "id": 4,
              "hide": true,
              "title": "sections.4.items.4.title",
              "evaluation_mode": "",
              "link_knowledge_base": "",
              "short_help": ""
            },
            {
              "id": 5,
              "hide": true,
              "title": "sections.4.items.5.title",
              "evaluation_mode": "",
              "link_knowledge_base": "",
              "short_help": ""
            }
          ]
        }
      ]
    },
    "updated_at": "2018-11-22T16:07:22.117Z"
  }
}
