{
  "pia": {
    "id": 3,
    "status": 0,
    "name": "Nom du Pia",
    "author_name": "Prénom Nom",
    "evaluator_name": "Prénom Nom",
    "validator_name": "Prénom Nom",
    "dpo_status": 1,
    "dpo_opinion": "test",
    "dpos_names": "test",
    "people_names": "test",
    "concerned_people_opinion": "test",
    "concerned_people_status": 1,
    "rejection_reason": "",
    "applied_adjustments": "",
    "is_example": 0,
    "created_at": "2022-12-12T10:30:38.411Z",
    "updated_at": "2022-12-12T10:34:42.552Z",
    "concerned_people_searched_opinion": true,
    "concerned_people_searched_content": "test",
    "structure_id": null,
    "structure_name": "",
    "structure_sector_name": "",
    "structure_data": null,
    "category": "Test",
    "progress": 96,
    "lock_version": 6,
    "is_archive": 0
  },
  "answers": [
    {
      "pia_id": 1,
      "reference_to": 111,
      "data": {
        "text": "<span style=\"font-family: 'Open Sans', Arial, sans-serif; font-size: 14px; text-align: justify; background-color: #ffffff;\">Lorem ipsum dolor sit amet, consectetur adipiscing elit. Pellentesque aliquam blandit nulla, eu interdum mi dignissim in. Integer enim erat, tincidunt eu mattis sit amet, elementum sed urna. Suspendisse consectetur, tellus at aliquet volutpat, libero tellus blandit nunc, quis vehicula nulla erat et orci. Mauris pulvinar ultrices feugiat.&nbsp;</span>",
        "gauge": null,
        "list": []
      },
      "created_at": "2021-02-15T14:30:17.617Z",
      "id": 1
    },
    {
      "pia_id": 1,
      "reference_to": 112,
      "data": {
        "text": "<span style=\"font-family: 'Open Sans', Arial, sans-serif; font-size: 14px; text-align: justify; background-color: #ffffff;\">Lorem ipsum dolor sit amet, consectetur adipiscing elit. Pellentesque aliquam blandit nulla, eu interdum mi dignissim in. Integer enim erat, tincidunt eu mattis sit amet, elementum sed urna. Suspendisse consectetur, tellus at aliquet volutpat, libero tellus blandit nunc, quis vehicula nulla erat et orci. Mauris pulvinar ultrices feugiat.&nbsp;</span>",
        "gauge": null,
        "list": []
      },
      "created_at": "2021-02-15T14:30:17.617Z",
      "id": 2
    },
    {
      "pia_id": 1,
      "reference_to": 113,
      "data": {
        "text": "<span style=\"font-family: 'Open Sans', Arial, sans-serif; font-size: 14px; text-align: justify; background-color: #ffffff;\">Lorem ipsum dolor sit amet, consectetur adipiscing elit. Pellentesque aliquam blandit nulla, eu interdum mi dignissim in. Integer enim erat, tincidunt eu mattis sit amet, elementum sed urna. Suspendisse consectetur, tellus at aliquet volutpat, libero tellus blandit nunc, quis vehicula nulla erat et orci. Mauris pulvinar ultrices feugiat.&nbsp;</span>",
        "gauge": null,
        "list": []
      },
      "created_at": "2021-02-15T14:30:17.617Z",
      "id": 3
    },
    {
      "pia_id": 1,
      "reference_to": 121,
      "data": {
        "text": "<span style=\"font-family: 'Open Sans', Arial, sans-serif; font-size: 14px; text-align: justify; background-color: #ffffff;\">Lorem ipsum dolor sit amet, consectetur adipiscing elit. Pellentesque aliquam blandit nulla, eu interdum mi dignissim in. Integer enim erat, tincidunt eu mattis sit amet, elementum sed urna. Suspendisse consectetur, tellus at aliquet volutpat, libero tellus blandit nunc, quis vehicula nulla erat et orci. Mauris pulvinar ultrices feugiat.&nbsp;</span>",
        "gauge": null,
        "list": []
      },
      "created_at": "2021-02-15T14:30:17.617Z",
      "id": 4
    },
    {
      "pia_id": 1,
      "reference_to": 122,
      "data": {
        "text": "<span style=\"font-family: 'Open Sans', Arial, sans-serif; font-size: 14px; text-align: justify; background-color: #ffffff;\">Lorem ipsum dolor sit amet, consectetur adipiscing elit. Pellentesque aliquam blandit nulla, eu interdum mi dignissim in. Integer enim erat, tincidunt eu mattis sit amet, elementum sed urna. Suspendisse consectetur, tellus at aliquet volutpat, libero tellus blandit nunc, quis vehicula nulla erat et orci. Mauris pulvinar ultrices feugiat.&nbsp;</span>",
        "gauge": null,
        "list": []
      },
      "created_at": "2021-02-15T14:30:17.617Z",
      "id": 5
    },
    {
      "pia_id": 1,
      "reference_to": 123,
      "data": {
        "text": "<span style=\"font-family: 'Open Sans', Arial, sans-serif; font-size: 14px; text-align: justify; background-color: #ffffff;\">Lorem ipsum dolor sit amet, consectetur adipiscing elit. Pellentesque aliquam blandit nulla, eu interdum mi dignissim in. Integer enim erat, tincidunt eu mattis sit amet, elementum sed urna. Suspendisse consectetur, tellus at aliquet volutpat, libero tellus blandit nunc, quis vehicula nulla erat et orci. Mauris pulvinar ultrices feugiat.&nbsp;</span>",
        "gauge": null,
        "list": []
      },
      "created_at": "2021-02-15T14:30:17.618Z",
      "id": 6
    },
    {
      "pia_id": 1,
      "reference_to": 211,
      "data": {
        "text": "<span style=\"font-family: 'Open Sans', Arial, sans-serif; font-size: 14px; text-align: justify; background-color: #ffffff;\">Lorem ipsum dolor sit amet, consectetur adipiscing elit. Pellentesque aliquam blandit nulla, eu interdum mi dignissim in. Integer enim erat, tincidunt eu mattis sit amet, elementum sed urna. Suspendisse consectetur, tellus at aliquet volutpat, libero tellus blandit nunc, quis vehicula nulla erat et orci. Mauris pulvinar ultrices feugiat.&nbsp;</span>",
        "gauge": null,
        "list": []
      },
      "created_at": "2021-02-15T14:30:17.618Z",
      "id": 7
    },
    {
      "pia_id": 1,
      "reference_to": 212,
      "data": {
        "text": "<span style=\"font-family: 'Open Sans', Arial, sans-serif; font-size: 14px; text-align: justify; background-color: #ffffff;\">Lorem ipsum dolor sit amet, consectetur adipiscing elit. Pellentesque aliquam blandit nulla, eu interdum mi dignissim in. Integer enim erat, tincidunt eu mattis sit amet, elementum sed urna. Suspendisse consectetur, tellus at aliquet volutpat, libero tellus blandit nunc, quis vehicula nulla erat et orci. Mauris pulvinar ultrices feugiat.&nbsp;</span>",
        "gauge": null,
        "list": []
      },
      "created_at": "2021-02-15T14:30:17.618Z",
      "id": 8
    },
    {
      "pia_id": 1,
      "reference_to": 213,
      "data": {
        "text": "<span style=\"font-family: 'Open Sans', Arial, sans-serif; font-size: 14px; text-align: justify; background-color: #ffffff;\">Lorem ipsum dolor sit amet, consectetur adipiscing elit. Pellentesque aliquam blandit nulla, eu interdum mi dignissim in. Integer enim erat, tincidunt eu mattis sit amet, elementum sed urna. Suspendisse consectetur, tellus at aliquet volutpat, libero tellus blandit nunc, quis vehicula nulla erat et orci. Mauris pulvinar ultrices feugiat.&nbsp;</span>",
        "gauge": null,
        "list": []
      },
      "created_at": "2021-02-15T14:30:17.618Z",
      "id": 9
    },
    {
      "pia_id": 1,
      "reference_to": 214,
      "data": {
        "text": "<span style=\"font-family: 'Open Sans', Arial, sans-serif; font-size: 14px; text-align: justify; background-color: #ffffff;\">Lorem ipsum dolor sit amet, consectetur adipiscing elit. Pellentesque aliquam blandit nulla, eu interdum mi dignissim in. Integer enim erat, tincidunt eu mattis sit amet, elementum sed urna. Suspendisse consectetur, tellus at aliquet volutpat, libero tellus blandit nunc, quis vehicula nulla erat et orci. Mauris pulvinar ultrices feugiat.&nbsp;</span>",
        "gauge": null,
        "list": []
      },
      "created_at": "2021-02-15T14:30:17.618Z",
      "id": 10
    },
    {
      "pia_id": 1,
      "reference_to": 215,
      "data": {
        "text": "<span style=\"font-family: 'Open Sans', Arial, sans-serif; font-size: 14px; text-align: justify; background-color: #ffffff;\">Lorem ipsum dolor sit amet, consectetur adipiscing elit. Pellentesque aliquam blandit nulla, eu interdum mi dignissim in. Integer enim erat, tincidunt eu mattis sit amet, elementum sed urna. Suspendisse consectetur, tellus at aliquet volutpat, libero tellus blandit nunc, quis vehicula nulla erat et orci. Mauris pulvinar ultrices feugiat.&nbsp;</span>",
        "gauge": null,
        "list": []
      },
      "created_at": "2021-02-15T14:30:17.619Z",
      "id": 11
    },
    {
      "pia_id": 1,
      "reference_to": 221,
      "data": {
        "text": "<span style=\"font-family: 'Open Sans', Arial, sans-serif; font-size: 14px; text-align: justify; background-color: #ffffff;\">Lorem ipsum dolor sit amet, consectetur adipiscing elit. Pellentesque aliquam blandit nulla, eu interdum mi dignissim in. Integer enim erat, tincidunt eu mattis sit amet, elementum sed urna. Suspendisse consectetur, tellus at aliquet volutpat, libero tellus blandit nunc, quis vehicula nulla erat et orci. Mauris pulvinar ultrices feugiat.&nbsp;</span>",
        "gauge": null,
        "list": []
      },
      "created_at": "2021-02-15T14:30:17.619Z",
      "id": 12
    },
    {
      "pia_id": 1,
      "reference_to": 222,
      "data": {
        "text": "<span style=\"font-family: 'Open Sans', Arial, sans-serif; font-size: 14px; text-align: justify; background-color: #ffffff;\">Lorem ipsum dolor sit amet, consectetur adipiscing elit. Pellentesque aliquam blandit nulla, eu interdum mi dignissim in. Integer enim erat, tincidunt eu mattis sit amet, elementum sed urna. Suspendisse consectetur, tellus at aliquet volutpat, libero tellus blandit nunc, quis vehicula nulla erat et orci. Mauris pulvinar ultrices feugiat.&nbsp;</span>",
        "gauge": null,
        "list": []
      },
      "created_at": "2021-02-15T14:30:17.619Z",
      "id": 13
    },
    {
      "pia_id": 1,
      "reference_to": 223,
      "data": {
        "text": "<span style=\"font-family: 'Open Sans', Arial, sans-serif; font-size: 14px; text-align: justify; background-color: #ffffff;\">Lorem ipsum dolor sit amet, consectetur adipiscing elit. Pellentesque aliquam blandit nulla, eu interdum mi dignissim in. Integer enim erat, tincidunt eu mattis sit amet, elementum sed urna. Suspendisse consectetur, tellus at aliquet volutpat, libero tellus blandit nunc, quis vehicula nulla erat et orci. Mauris pulvinar ultrices feugiat.&nbsp;</span>",
        "gauge": null,
        "list": []
      },
      "created_at": "2021-02-15T14:30:17.619Z",
      "id": 14
    },
    {
      "pia_id": 1,
      "reference_to": 224,
      "data": {
        "text": "<span style=\"font-family: 'Open Sans', Arial, sans-serif; font-size: 14px; text-align: justify; background-color: #ffffff;\">Lorem ipsum dolor sit amet, consectetur adipiscing elit. Pellentesque aliquam blandit nulla, eu interdum mi dignissim in. Integer enim erat, tincidunt eu mattis sit amet, elementum sed urna. Suspendisse consectetur, tellus at aliquet volutpat, libero tellus blandit nunc, quis vehicula nulla erat et orci. Mauris pulvinar ultrices feugiat.&nbsp;</span>",
        "gauge": null,
        "list": []
      },
      "created_at": "2021-02-15T14:30:17.619Z",
      "id": 15
    },
    {
      "pia_id": 1,
      "reference_to": 225,
      "data": {
        "text": "<span style=\"font-family: 'Open Sans', Arial, sans-serif; font-size: 14px; text-align: justify; background-color: #ffffff;\">Lorem ipsum dolor sit amet, consectetur adipiscing elit. Pellentesque aliquam blandit nulla, eu interdum mi dignissim in. Integer enim erat, tincidunt eu mattis sit amet, elementum sed urna. Suspendisse consectetur, tellus at aliquet volutpat, libero tellus blandit nunc, quis vehicula nulla erat et orci. Mauris pulvinar ultrices feugiat.&nbsp;</span>",
        "gauge": null,
        "list": []
      },
      "created_at": "2021-02-15T14:30:17.620Z",
      "id": 16
    },
    {
      "pia_id": 1,
      "reference_to": 226,
      "data": {
        "text": "<span style=\"font-family: 'Open Sans', Arial, sans-serif; font-size: 14px; text-align: justify; background-color: #ffffff;\">Lorem ipsum dolor sit amet, consectetur adipiscing elit. Pellentesque aliquam blandit nulla, eu interdum mi dignissim in. Integer enim erat, tincidunt eu mattis sit amet, elementum sed urna. Suspendisse consectetur, tellus at aliquet volutpat, libero tellus blandit nunc, quis vehicula nulla erat et orci. Mauris pulvinar ultrices feugiat.&nbsp;</span>",
        "gauge": null,
        "list": []
      },
      "created_at": "2021-02-15T14:30:17.620Z",
      "id": 17
    },
    {
      "pia_id": 1,
      "reference_to": 227,
      "data": {
        "text": "<span style=\"font-family: 'Open Sans', Arial, sans-serif; font-size: 14px; text-align: justify; background-color: #ffffff;\">Lorem ipsum dolor sit amet, consectetur adipiscing elit. Pellentesque aliquam blandit nulla, eu interdum mi dignissim in. Integer enim erat, tincidunt eu mattis sit amet, elementum sed urna. Suspendisse consectetur, tellus at aliquet volutpat, libero tellus blandit nunc, quis vehicula nulla erat et orci. Mauris pulvinar ultrices feugiat.&nbsp;</span>",
        "gauge": null,
        "list": []
      },
      "created_at": "2021-02-15T14:30:17.620Z",
      "id": 18
    },
    {
      "pia_id": 1,
      "reference_to": 321,
      "data": {
        "text": null,
        "gauge": null,
        "list": [
          "Lorem ipsum dolor sit amet, consectetur adipiscing elit. Pellentesque aliquam blandit nulla, eu interdum mi dignissim in. Integer enim erat, tincidunt eu mattis sit amet, elementum sed urna. Suspendisse consectetur, tellus at aliquet volutpat, libero tellus blandit nunc, quis vehicula nulla erat et orci. Mauris pulvinar ultrices feugiat."
        ]
      },
      "created_at": "2021-02-15T14:30:17.620Z",
      "id": 19
    },
    {
      "pia_id": 1,
      "reference_to": 322,
      "data": {
        "text": null,
        "gauge": null,
        "list": [
          "Lorem ipsum dolor sit amet, consectetur adipiscing elit. Pellentesque aliquam blandit nulla, eu interdum mi dignissim in. Integer enim erat, tincidunt eu mattis sit amet, elementum sed urna. Suspendisse consectetur, tellus at aliquet volutpat, libero tellus blandit nunc, quis vehicula nulla erat et orci. Mauris pulvinar ultrices feugiat."
        ]
      },
      "created_at": "2021-02-15T14:30:17.620Z",
      "id": 20
    },
    {
      "pia_id": 1,
      "reference_to": 323,
      "data": {
        "text": null,
        "gauge": null,
        "list": [
          "Lorem ipsum dolor sit amet, consectetur adipiscing elit. Pellentesque aliquam blandit nulla, eu interdum mi dignissim in. Integer enim erat, tincidunt eu mattis sit amet, elementum sed urna. Suspendisse consectetur, tellus at aliquet volutpat, libero tellus blandit nunc, quis vehicula nulla erat et orci. Mauris pulvinar ultrices feugiat."
        ]
      },
      "created_at": "2021-02-15T14:30:17.620Z",
      "updated_at": "2021-01-07T09:24:34.357Z",
      "id": 21
    },
    {
      "pia_id": 1,
      "reference_to": 325,
      "data": {
        "text": "<span style=\"font-family: 'Open Sans', Arial, sans-serif; font-size: 14px; text-align: justify; background-color: #ffffff;\">Lorem ipsum dolor sit amet, consectetur adipiscing elit. Pellentesque aliquam blandit nulla, eu interdum mi dignissim in. Integer enim erat, tincidunt eu mattis sit amet, elementum sed urna. Suspendisse consectetur, tellus at aliquet volutpat, libero tellus blandit nunc, quis vehicula nulla erat et orci. Mauris pulvinar ultrices feugiat.&nbsp;</span>",
        "gauge": 3,
        "list": []
      },
      "created_at": "2021-02-15T14:30:17.621Z",
      "updated_at": "2021-01-07T09:24:09.196Z",
      "id": 22
    },
    {
      "pia_id": 1,
      "reference_to": 326,
      "data": {
        "text": "<span style=\"font-family: 'Open Sans', Arial, sans-serif; font-size: 14px; text-align: justify; background-color: #ffffff;\">Lorem ipsum dolor sit amet, consectetur adipiscing elit. Pellentesque aliquam blandit nulla, eu interdum mi dignissim in. Integer enim erat, tincidunt eu mattis sit amet, elementum sed urna. Suspendisse consectetur, tellus at aliquet volutpat, libero tellus blandit nunc, quis vehicula nulla erat et orci. Mauris pulvinar ultrices feugiat.&nbsp;</span>",
        "gauge": 3,
        "list": []
      },
      "created_at": "2021-02-15T14:30:17.621Z",
      "updated_at": "2021-01-07T09:24:12.700Z",
      "id": 23
    },
    {
      "pia_id": 1,
      "reference_to": 324,
      "data": { "text": null, "gauge": null, "list": ["Chiffrement"] },
      "created_at": "2021-02-15T14:30:17.621Z",
      "id": 24
    },
    {
      "pia_id": 1,
      "reference_to": 331,
      "data": {
        "text": null,
        "gauge": null,
        "list": [
          "Lorem ipsum dolor sit amet, consectetur adipiscing elit. Pellentesque aliquam blandit nulla, eu interdum mi dignissim in. Integer enim erat, tincidunt eu mattis sit amet, elementum sed urna. Suspendisse consectetur, tellus at aliquet volutpat, libero tellus blandit nunc, quis vehicula nulla erat et orci. Mauris pulvinar ultrices feugiat."
        ]
      },
      "created_at": "2021-02-15T14:30:17.621Z",
      "id": 25
    },
    {
      "pia_id": 1,
      "reference_to": 332,
      "data": {
        "text": null,
        "gauge": null,
        "list": [
          "Lorem ipsum dolor sit amet, consectetur adipiscing elit. Pellentesque aliquam blandit nulla, eu interdum mi dignissim in. Integer enim erat, tincidunt eu mattis sit amet, elementum sed urna. Suspendisse consectetur, tellus at aliquet volutpat, libero tellus blandit nunc, quis vehicula nulla erat et orci. Mauris pulvinar ultrices feugiat."
        ]
      },
      "created_at": "2021-02-15T14:30:17.621Z",
      "id": 26
    },
    {
      "pia_id": 1,
      "reference_to": 333,
      "data": {
        "text": null,
        "gauge": null,
        "list": [
          "Lorem ipsum dolor sit amet, consectetur adipiscing elit. Pellentesque aliquam blandit nulla, eu interdum mi dignissim in. Integer enim erat, tincidunt eu mattis sit amet, elementum sed urna. Suspendisse consectetur, tellus at aliquet volutpat, libero tellus blandit nunc, quis vehicula nulla erat et orci. Mauris pulvinar ultrices feugiat."
        ]
      },
      "created_at": "2021-02-15T14:30:17.621Z",
      "id": 27
    },
    {
      "pia_id": 1,
      "reference_to": 334,
      "data": { "text": null, "gauge": null, "list": ["Chiffrement"] },
      "created_at": "2021-02-15T14:30:17.622Z",
      "id": 28
    },
    {
      "pia_id": 1,
      "reference_to": 335,
      "data": {
        "text": "<span style=\"font-family: 'Open Sans', Arial, sans-serif; font-size: 14px; text-align: justify; background-color: #ffffff;\">Lorem ipsum dolor sit amet, consectetur adipiscing elit. Pellentesque aliquam blandit nulla, eu interdum mi dignissim in. Integer enim erat, tincidunt eu mattis sit amet, elementum sed urna. Suspendisse consectetur, tellus at aliquet volutpat, libero tellus blandit nunc, quis vehicula nulla erat et orci. Mauris pulvinar ultrices feugiat.&nbsp;</span>",
        "gauge": 3,
        "list": []
      },
      "created_at": "2021-02-15T14:30:17.622Z",
      "updated_at": "2021-01-07T09:25:35.595Z",
      "id": 29
    },
    {
      "pia_id": 1,
      "reference_to": 336,
      "data": {
        "text": "<span style=\"font-family: 'Open Sans', Arial, sans-serif; font-size: 14px; text-align: justify; background-color: #ffffff;\">Lorem ipsum dolor sit amet, consectetur adipiscing elit. Pellentesque aliquam blandit nulla, eu interdum mi dignissim in. Integer enim erat, tincidunt eu mattis sit amet, elementum sed urna. Suspendisse consectetur, tellus at aliquet volutpat, libero tellus blandit nunc, quis vehicula nulla erat et orci. Mauris pulvinar ultrices feugiat.&nbsp;</span>",
        "gauge": 3,
        "list": []
      },
      "created_at": "2021-02-15T14:30:17.622Z",
      "updated_at": "2021-01-07T09:25:35.047Z",
      "id": 30
    },
    {
      "pia_id": 1,
      "reference_to": 341,
      "data": {
        "text": null,
        "gauge": null,
        "list": [
          "Lorem ipsum dolor sit amet, consectetur adipiscing elit. Pellentesque aliquam blandit nulla, eu interdum mi dignissim in. Integer enim erat, tincidunt eu mattis sit amet, elementum sed urna. Suspendisse consectetur, tellus at aliquet volutpat, libero tellus blandit nunc, quis vehicula nulla erat et orci. Mauris pulvinar ultrices feugiat."
        ]
      },
      "created_at": "2021-02-15T14:30:17.622Z",
      "id": 31
    },
    {
      "pia_id": 1,
      "reference_to": 342,
      "data": {
        "text": null,
        "gauge": null,
        "list": [
          "Lorem ipsum dolor sit amet, consectetur adipiscing elit. Pellentesque aliquam blandit nulla, eu interdum mi dignissim in. Integer enim erat, tincidunt eu mattis sit amet, elementum sed urna. Suspendisse consectetur, tellus at aliquet volutpat, libero tellus blandit nunc, quis vehicula nulla erat et orci. Mauris pulvinar ultrices feugiat."
        ]
      },
      "created_at": "2021-02-15T14:30:17.622Z",
      "id": 32
    },
    {
      "pia_id": 1,
      "reference_to": 343,
      "data": {
        "text": null,
        "gauge": null,
        "list": [
          "Lorem ipsum dolor sit amet, consectetur adipiscing elit. Pellentesque aliquam blandit nulla, eu interdum mi dignissim in. Integer enim erat, tincidunt eu mattis sit amet, elementum sed urna. Suspendisse consectetur, tellus at aliquet volutpat, libero tellus blandit nunc, quis vehicula nulla erat et orci. Mauris pulvinar ultrices feugiat."
        ]
      },
      "created_at": "2021-02-15T14:30:17.622Z",
      "id": 33
    },
    {
      "pia_id": 1,
      "reference_to": 344,
      "data": { "text": null, "gauge": null, "list": ["Chiffrement"] },
      "created_at": "2021-02-15T14:30:17.623Z",
      "id": 34
    },
    {
      "pia_id": 1,
      "reference_to": 345,
      "data": {
        "text": "<span style=\"font-family: 'Open Sans', Arial, sans-serif; font-size: 14px; text-align: justify; background-color: #ffffff;\">Lorem ipsum dolor sit amet, consectetur adipiscing elit. Pellentesque aliquam blandit nulla, eu interdum mi dignissim in. Integer enim erat, tincidunt eu mattis sit amet, elementum sed urna. Suspendisse consectetur, tellus at aliquet volutpat, libero tellus blandit nunc, quis vehicula nulla erat et orci. Mauris pulvinar ultrices feugiat.&nbsp;</span>",
        "gauge": 3,
        "list": []
      },
      "created_at": "2021-02-15T14:30:17.623Z",
      "updated_at": "2021-01-07T09:25:53.835Z",
      "id": 35
    },
    {
      "pia_id": 1,
      "reference_to": 346,
      "data": {
        "text": "<span style=\"font-family: 'Open Sans', Arial, sans-serif; font-size: 14px; text-align: justify; background-color: #ffffff;\">Lorem ipsum dolor sit amet, consectetur adipiscing elit. Pellentesque aliquam blandit nulla, eu interdum mi dignissim in. Integer enim erat, tincidunt eu mattis sit amet, elementum sed urna. Suspendisse consectetur, tellus at aliquet volutpat, libero tellus blandit nunc, quis vehicula nulla erat et orci. Mauris pulvinar ultrices feugiat.&nbsp;</span>",
        "gauge": 3,
        "list": []
      },
      "created_at": "2021-02-15T14:30:17.623Z",
      "updated_at": "2021-01-07T09:25:55.810Z",
      "id": 36
    }
  ],
  "measures": [
    {
      "title": "Chiffrement",
      "pia_id": 1,
      "content": "<span style=\"font-family: 'Open Sans', Arial, sans-serif; font-size: 14px; text-align: justify; background-color: #ffffff;\">Lorem ipsum dolor sit amet, consectetur adipiscing elit. Pellentesque aliquam blandit nulla, eu interdum mi dignissim in. Integer enim erat, tincidunt eu mattis sit amet, elementum sed urna. Suspendisse consectetur, tellus at aliquet volutpat, libero tellus blandit nunc, quis vehicula nulla erat et orci. Mauris pulvinar ultrices feugiat.&nbsp;</span>",
      "placeholder": "knowledge_base.slugs.PIA_TEC_CHIF.placeholder",
      "created_at": null,
      "updated_at": "2021-01-07T09:23:48.244Z",
      "id": 1
    }
  ],
  "evaluations": [
    {
      "status": 3,
      "global_status": 2,
      "pia_id": 1,
      "reference_to": "1.1",
      "evaluation_comment": "<span style=\"font-family: 'Open Sans', Arial, sans-serif; font-size: 14px; text-align: justify; background-color: #ffffff;\">Lorem ipsum dolor sit amet, consectetur adipiscing elit. Pellentesque aliquam blandit nulla, eu interdum mi dignissim in. Integer enim erat, tincidunt eu mattis sit amet, elementum sed urna. Suspendisse consectetur, tellus at aliquet volutpat, libero tellus blandit nunc, quis vehicula nulla erat et orci. Mauris pulvinar ultrices feugiat.&nbsp;</span>",
      "gauges": { "x": 0, "y": 0 },
      "created_at": "2021-02-15T14:30:17.721Z",
      "updated_at": "2021-01-07T09:26:25.824Z",
      "id": 1
    },
    {
      "status": 3,
      "global_status": 2,
      "pia_id": 1,
      "reference_to": "1.2",
      "evaluation_comment": "<span style=\"font-family: 'Open Sans', Arial, sans-serif; font-size: 14px; text-align: justify; background-color: #ffffff;\">Lorem ipsum dolor sit amet, consectetur adipiscing elit. Pellentesque aliquam blandit nulla, eu interdum mi dignissim in. Integer enim erat, tincidunt eu mattis sit amet, elementum sed urna. Suspendisse consectetur, tellus at aliquet volutpat, libero tellus blandit nunc, quis vehicula nulla erat et orci. Mauris pulvinar ultrices feugiat.&nbsp;</span>",
      "gauges": { "x": 0, "y": 0 },
      "created_at": "2021-02-15T14:30:17.721Z",
      "updated_at": "2021-01-07T09:26:32.528Z",
      "id": 2
    },
    {
      "status": 3,
      "global_status": 2,
      "pia_id": 1,
      "reference_to": "2.1.211",
      "evaluation_comment": "<span style=\"font-family: 'Open Sans', Arial, sans-serif; font-size: 14px; text-align: justify; background-color: #ffffff;\">Lorem ipsum dolor sit amet, consectetur adipiscing elit. Pellentesque aliquam blandit nulla, eu interdum mi dignissim in. Integer enim erat, tincidunt eu mattis sit amet, elementum sed urna. Suspendisse consectetur, tellus at aliquet volutpat, libero tellus blandit nunc, quis vehicula nulla erat et orci. Mauris pulvinar ultrices feugiat.&nbsp;</span>",
      "gauges": { "x": 0, "y": 0 },
      "created_at": "2021-02-15T14:30:17.721Z",
      "updated_at": "2021-01-07T09:26:57.861Z",
      "id": 3
    },
    {
      "status": 3,
      "global_status": 2,
      "pia_id": 1,
      "reference_to": "2.1.212",
      "evaluation_comment": "<span style=\"font-family: 'Open Sans', Arial, sans-serif; font-size: 14px; text-align: justify; background-color: #ffffff;\">Lorem ipsum dolor sit amet, consectetur adipiscing elit. Pellentesque aliquam blandit nulla, eu interdum mi dignissim in. Integer enim erat, tincidunt eu mattis sit amet, elementum sed urna. Suspendisse consectetur, tellus at aliquet volutpat, libero tellus blandit nunc, quis vehicula nulla erat et orci. Mauris pulvinar ultrices feugiat.&nbsp;</span>",
      "gauges": { "x": 0, "y": 0 },
      "created_at": "2021-02-15T14:30:17.721Z",
      "updated_at": "2021-01-07T09:26:57.863Z",
      "id": 4
    },
    {
      "status": 3,
      "global_status": 2,
      "pia_id": 1,
      "reference_to": "2.1.213",
      "evaluation_comment": "<span style=\"font-family: 'Open Sans', Arial, sans-serif; font-size: 14px; text-align: justify; background-color: #ffffff;\">Lorem ipsum dolor sit amet, consectetur adipiscing elit. Pellentesque aliquam blandit nulla, eu interdum mi dignissim in. Integer enim erat, tincidunt eu mattis sit amet, elementum sed urna. Suspendisse consectetur, tellus at aliquet volutpat, libero tellus blandit nunc, quis vehicula nulla erat et orci. Mauris pulvinar ultrices feugiat.&nbsp;</span>",
      "gauges": { "x": 0, "y": 0 },
      "created_at": "2021-02-15T14:30:17.721Z",
      "updated_at": "2021-01-07T09:26:57.865Z",
      "id": 5
    },
    {
      "status": 3,
      "global_status": 2,
      "pia_id": 1,
      "reference_to": "2.1.214",
      "evaluation_comment": "<span style=\"font-family: 'Open Sans', Arial, sans-serif; font-size: 14px; text-align: justify; background-color: #ffffff;\">Lorem ipsum dolor sit amet, consectetur adipiscing elit. Pellentesque aliquam blandit nulla, eu interdum mi dignissim in. Integer enim erat, tincidunt eu mattis sit amet, elementum sed urna. Suspendisse consectetur, tellus at aliquet volutpat, libero tellus blandit nunc, quis vehicula nulla erat et orci. Mauris pulvinar ultrices feugiat.&nbsp;</span>",
      "gauges": { "x": 0, "y": 0 },
      "created_at": "2021-02-15T14:30:17.722Z",
      "updated_at": "2021-01-07T09:26:57.867Z",
      "id": 6
    },
    {
      "status": 3,
      "global_status": 2,
      "pia_id": 1,
      "reference_to": "2.1.215",
      "evaluation_comment": "<span style=\"font-family: 'Open Sans', Arial, sans-serif; font-size: 14px; text-align: justify; background-color: #ffffff;\">Lorem ipsum dolor sit amet, consectetur adipiscing elit. Pellentesque aliquam blandit nulla, eu interdum mi dignissim in. Integer enim erat, tincidunt eu mattis sit amet, elementum sed urna. Suspendisse consectetur, tellus at aliquet volutpat, libero tellus blandit nunc, quis vehicula nulla erat et orci. Mauris pulvinar ultrices feugiat.&nbsp;</span>",
      "gauges": { "x": 0, "y": 0 },
      "created_at": "2021-02-15T14:30:17.722Z",
      "updated_at": "2021-01-07T09:26:57.869Z",
      "id": 7
    },
    {
      "status": 3,
      "global_status": 2,
      "pia_id": 1,
      "reference_to": "2.2.221",
      "evaluation_comment": "<span style=\"font-family: 'Open Sans', Arial, sans-serif; font-size: 14px; text-align: justify; background-color: #ffffff;\">Lorem ipsum dolor sit amet, consectetur adipiscing elit. Pellentesque aliquam blandit nulla, eu interdum mi dignissim in. Integer enim erat, tincidunt eu mattis sit amet, elementum sed urna. Suspendisse consectetur, tellus at aliquet volutpat, libero tellus blandit nunc, quis vehicula nulla erat et orci. Mauris pulvinar ultrices feugiat.&nbsp;</span>",
      "gauges": { "x": 0, "y": 0 },
      "created_at": "2021-02-15T14:30:17.722Z",
      "updated_at": "2021-01-07T09:27:29.680Z",
      "id": 8
    },
    {
      "status": 3,
      "global_status": 2,
      "pia_id": 1,
      "reference_to": "2.2.222",
      "evaluation_comment": "<span style=\"font-family: 'Open Sans', Arial, sans-serif; font-size: 14px; text-align: justify; background-color: #ffffff;\">Lorem ipsum dolor sit amet, consectetur adipiscing elit. Pellentesque aliquam blandit nulla, eu interdum mi dignissim in. Integer enim erat, tincidunt eu mattis sit amet, elementum sed urna. Suspendisse consectetur, tellus at aliquet volutpat, libero tellus blandit nunc, quis vehicula nulla erat et orci. Mauris pulvinar ultrices feugiat.&nbsp;</span>",
      "gauges": { "x": 0, "y": 0 },
      "created_at": "2021-02-15T14:30:17.722Z",
      "updated_at": "2021-01-07T09:27:29.683Z",
      "id": 9
    },
    {
      "status": 3,
      "global_status": 2,
      "pia_id": 1,
      "reference_to": "2.2.223",
      "evaluation_comment": "<span style=\"font-family: 'Open Sans', Arial, sans-serif; font-size: 14px; text-align: justify; background-color: #ffffff;\">Lorem ipsum dolor sit amet, consectetur adipiscing elit. Pellentesque aliquam blandit nulla, eu interdum mi dignissim in. Integer enim erat, tincidunt eu mattis sit amet, elementum sed urna. Suspendisse consectetur, tellus at aliquet volutpat, libero tellus blandit nunc, quis vehicula nulla erat et orci. Mauris pulvinar ultrices feugiat.&nbsp;</span>",
      "gauges": { "x": 0, "y": 0 },
      "created_at": "2021-02-15T14:30:17.722Z",
      "updated_at": "2021-01-07T09:27:29.685Z",
      "id": 10
    },
    {
      "status": 3,
      "global_status": 2,
      "pia_id": 1,
      "reference_to": "2.2.224",
      "evaluation_comment": "<span style=\"font-family: 'Open Sans', Arial, sans-serif; font-size: 14px; text-align: justify; background-color: #ffffff;\">Lorem ipsum dolor sit amet, consectetur adipiscing elit. Pellentesque aliquam blandit nulla, eu interdum mi dignissim in. Integer enim erat, tincidunt eu mattis sit amet, elementum sed urna. Suspendisse consectetur, tellus at aliquet volutpat, libero tellus blandit nunc, quis vehicula nulla erat et orci. Mauris pulvinar ultrices feugiat.&nbsp;</span>",
      "gauges": { "x": 0, "y": 0 },
      "created_at": "2021-02-15T14:30:17.722Z",
      "updated_at": "2021-01-07T09:27:29.688Z",
      "id": 11
    },
    {
      "status": 3,
      "global_status": 2,
      "pia_id": 1,
      "reference_to": "2.2.225",
      "evaluation_comment": "<span style=\"font-family: 'Open Sans', Arial, sans-serif; font-size: 14px; text-align: justify; background-color: #ffffff;\">Lorem ipsum dolor sit amet, consectetur adipiscing elit. Pellentesque aliquam blandit nulla, eu interdum mi dignissim in. Integer enim erat, tincidunt eu mattis sit amet, elementum sed urna. Suspendisse consectetur, tellus at aliquet volutpat, libero tellus blandit nunc, quis vehicula nulla erat et orci. Mauris pulvinar ultrices feugiat.&nbsp;</span>",
      "gauges": { "x": 0, "y": 0 },
      "created_at": "2021-02-15T14:30:17.723Z",
      "updated_at": "2021-01-07T09:27:29.690Z",
      "id": 12
    },
    {
      "status": 3,
      "global_status": 2,
      "pia_id": 1,
      "reference_to": "2.2.226",
      "evaluation_comment": "<span style=\"font-family: 'Open Sans', Arial, sans-serif; font-size: 14px; text-align: justify; background-color: #ffffff;\">Lorem ipsum dolor sit amet, consectetur adipiscing elit. Pellentesque aliquam blandit nulla, eu interdum mi dignissim in. Integer enim erat, tincidunt eu mattis sit amet, elementum sed urna. Suspendisse consectetur, tellus at aliquet volutpat, libero tellus blandit nunc, quis vehicula nulla erat et orci. Mauris pulvinar ultrices feugiat.&nbsp;</span>",
      "gauges": { "x": 0, "y": 0 },
      "created_at": "2021-02-15T14:30:17.723Z",
      "updated_at": "2021-01-07T09:27:29.693Z",
      "id": 13
    },
    {
      "status": 3,
      "global_status": 2,
      "pia_id": 1,
      "reference_to": "2.2.227",
      "evaluation_comment": "<span style=\"font-family: 'Open Sans', Arial, sans-serif; font-size: 14px; text-align: justify; background-color: #ffffff;\">Lorem ipsum dolor sit amet, consectetur adipiscing elit. Pellentesque aliquam blandit nulla, eu interdum mi dignissim in. Integer enim erat, tincidunt eu mattis sit amet, elementum sed urna. Suspendisse consectetur, tellus at aliquet volutpat, libero tellus blandit nunc, quis vehicula nulla erat et orci. Mauris pulvinar ultrices feugiat.&nbsp;</span>",
      "gauges": { "x": 0, "y": 0 },
      "created_at": "2021-02-15T14:30:17.723Z",
      "updated_at": "2021-01-07T09:27:29.696Z",
      "id": 14
    },
    {
      "status": 3,
      "global_status": 2,
      "pia_id": 1,
      "reference_to": "3.1.[object Object]",
      "evaluation_comment": "<span style=\"font-family: 'Open Sans', Arial, sans-serif; font-size: 14px; text-align: justify; background-color: #ffffff;\">Lorem ipsum dolor sit amet, consectetur adipiscing elit. Pellentesque aliquam blandit nulla, eu interdum mi dignissim in. Integer enim erat, tincidunt eu mattis sit amet, elementum sed urna. Suspendisse consectetur, tellus at aliquet volutpat, libero tellus blandit nunc, quis vehicula nulla erat et orci. Mauris pulvinar ultrices feugiat.&nbsp;</span>",
      "gauges": { "x": 0, "y": 0 },
      "created_at": "2021-02-15T14:30:17.723Z",
      "updated_at": "2021-01-07T09:27:36.289Z",
      "id": 15
    },
    {
      "status": 3,
      "global_status": 2,
      "pia_id": 1,
      "reference_to": "3.2",
      "evaluation_comment": "<span style=\"font-family: 'Open Sans', Arial, sans-serif; font-size: 14px; text-align: justify; background-color: #ffffff;\">Lorem ipsum dolor sit amet, consectetur adipiscing elit. Pellentesque aliquam blandit nulla, eu interdum mi dignissim in. Integer enim erat, tincidunt eu mattis sit amet, elementum sed urna. Suspendisse consectetur, tellus at aliquet volutpat, libero tellus blandit nunc, quis vehicula nulla erat et orci. Mauris pulvinar ultrices feugiat.&nbsp;</span>",
      "gauges": { "x": 0, "y": 0 },
      "created_at": "2021-02-15T14:30:17.723Z",
      "updated_at": "2021-01-07T09:27:42.426Z",
      "id": 16
    },
    {
      "status": 3,
      "global_status": 2,
      "pia_id": 1,
      "reference_to": "3.3",
      "evaluation_comment": "<span style=\"font-family: 'Open Sans', Arial, sans-serif; font-size: 14px; text-align: justify; background-color: #ffffff;\">Lorem ipsum dolor sit amet, consectetur adipiscing elit. Pellentesque aliquam blandit nulla, eu interdum mi dignissim in. Integer enim erat, tincidunt eu mattis sit amet, elementum sed urna. Suspendisse consectetur, tellus at aliquet volutpat, libero tellus blandit nunc, quis vehicula nulla erat et orci. Mauris pulvinar ultrices feugiat.&nbsp;</span>",
      "gauges": { "x": 0, "y": 0 },
      "created_at": "2021-02-15T14:30:17.724Z",
      "updated_at": "2021-01-07T09:27:49.434Z",
      "id": 17
    },
    {
      "status": 3,
      "global_status": 2,
      "pia_id": 1,
      "reference_to": "3.4",
      "evaluation_comment": "<span style=\"font-family: 'Open Sans', Arial, sans-serif; font-size: 14px; text-align: justify; background-color: #ffffff;\">Lorem ipsum dolor sit amet, consectetur adipiscing elit. Pellentesque aliquam blandit nulla, eu interdum mi dignissim in. Integer enim erat, tincidunt eu mattis sit amet, elementum sed urna. Suspendisse consectetur, tellus at aliquet volutpat, libero tellus blandit nunc, quis vehicula nulla erat et orci. Mauris pulvinar ultrices feugiat.&nbsp;</span>",
      "gauges": { "x": 0, "y": 0 },
      "created_at": "2021-02-15T14:30:17.724Z",
      "updated_at": "2021-01-07T09:27:55.314Z",
      "id": 18
    },
    {
      "status": 3,
      "global_status": 2,
      "pia_id": 1,
      "reference_to": "3.1.1",
      "created_at": "2021-02-15T14:31:35.421Z",
      "id": 19,
      "gauges": { "x": 0, "y": 0 },
      "updated_at": "2021-02-15T14:31:43.793Z"
    }
  ],
  "comments": []
}
